0	{384, 803, 148, 400, 831}
1	{528, 290, 277, 398, 758}
2	{585, 898, 164, 772, 750}
3	{864, 369, 555, 677, 529}
4	{672, 106, 652, 821, 782}
5	{336, 745, 787, 656, 819}
6	{822, 313, 558, 695, 543}
7	{928, 721, 339, 180, 427}
8	{448, 129, 154, 675, 900}
9	{574, 427, 462, 406, 807}
10	{940, 19, 812, 548, 719}
11	{90, 107, 119, 613, 933}
12	{416, 366, 584, 686, 887}
13	{913, 130, 2, 204, 622}
14	{665, 12, 350, 702, 583}
15	{118, 571, 83, 3, 726}
16	{914, 452, 484, 828, 567}
17	{616, 417, 119, 670, 855}
18	{371, 10, 667, 925, 326}
19	{880, 147, 772, 333, 607}
20	{584, 114, 20, 880, 391}
21	{94, 138, 501, 342, 807}
22	{8, 666, 123, 901, 566}
23	{129, 307, 573, 245, 823}
24	{296, 905, 835, 267, 243}
25	{200, 41, 795, 667, 507}
26	{153, 291, 525, 838, 767}
27	{328, 265, 802, 621, 272}
28	{312, 318, 203, 110, 767}
29	{632, 143, 357, 758, 359}
30	{104, 787, 565, 734, 510}
31	{96, 531, 21, 707, 287}
32	{43, 596, 269, 342, 255}
33	{627, 852, 788, 804, 7}
34	{379, 724, 789, 846, 467}
35	{306, 243, 260, 789, 318}
36	{154, 267, 470, 326, 763}
37	{512, 414, 229, 494, 871}
38	{280, 266, 563, 53, 815}
39	{818, 11, 570, 798, 747}
40	{350, 228, 429, 44, 633}
41	{560, 125, 338, 923, 237}
42	{913, 118, 197, 22, 119}
43	{777, 423, 853, 614, 655}
44	{681, 59, 862, 478, 279}
45	{795, 555, 129, 611, 870}
46	{896, 49, 421, 326, 583}
47	{512, 369, 44, 500, 625}
48	{51, 204, 277, 583, 615}
49	{545, 382, 627, 206, 47}
50	{304, 240, 907, 53, 830}
51	{601, 241, 188, 813, 767}
52	{441, 786, 225, 58, 90}
53	{259, 255, 799, 262, 223}
54	{529, 555, 244, 934, 335}
55	{488, 497, 32, 237, 559}
56	{801, 268, 527, 150, 471}
57	{474, 466, 740, 218, 370}
58	{304, 425, 508, 612, 759}
59	{216, 334, 442, 155, 195}
60	{457, 667, 789, 1, 639}
61	{913, 595, 299, 797, 695}
62	{334, 322, 894, 244, 574}
63	{441, 106, 619, 492, 694}
64	{464, 49, 508, 182, 769}
65	{748, 243, 460, 869, 167}
66	{417, 570, 754, 917, 501}
67	{620, 857, 644, 533, 569}
68	{520, 499, 156, 237, 471}
69	{101, 211, 639, 509, 391}
70	{872, 387, 888, 309, 486}
71	{193, 517, 572, 445, 666}
72	{664, 89, 82, 542, 866}
73	{240, 130, 827, 316, 189}
74	{930, 699, 147, 477, 650}
75	{352, 753, 468, 100, 117}
76	{787, 553, 322, 779, 815}
77	{233, 428, 940, 398, 575}
78	{185, 772, 303, 121, 687}
79	{528, 334, 747, 430, 774}
80	{345, 129, 60, 728, 727}
81	{153, 361, 250, 643, 50}
82	{921, 562, 499, 828, 295}
83	{585, 811, 179, 93, 495}
84	{752, 145, 728, 374, 480}
85	{738, 409, 153, 387, 933}
86	{144, 465, 634, 685, 577}
87	{112, 705, 10, 341, 134}
88	{672, 210, 322, 88, 422}
89	{512, 25, 402, 686, 623}
90	{784, 538, 396, 5, 806}
91	{288, 105, 635, 931, 79}
92	{787, 365, 331, 517, 535}
93	{96, 665, 810, 877, 790}
94	{322, 754, 531, 69, 943}
95	{240, 681, 276, 5, 230}
96	{627, 466, 207, 702, 367}
97	{813, 291, 173, 79, 527}
98	{776, 217, 507, 893, 367}
99	{936, 80, 843, 69, 317}
100	{57, 897, 388, 6, 52}
101	{336, 224, 314, 600, 838}
102	{529, 546, 772, 319, 79}
103	{584, 452, 925, 742, 548}
104	{936, 577, 116, 198, 695}
105	{216, 305, 581, 134, 239}
106	{888, 418, 174, 117, 414}
107	{711, 474, 635, 358, 143}
108	{761, 268, 249, 44, 677}
109	{186, 345, 122, 564, 537}
110	{736, 919, 394, 312, 735}
111	{401, 396, 895, 839, 831}
112	{761, 77, 47, 350, 271}
113	{374, 227, 443, 638, 114}
114	{426, 282, 709, 798, 535}
115	{776, 283, 436, 301, 454}
116	{720, 449, 132, 805, 759}
117	{102, 115, 420, 301, 486}
118	{461, 779, 460, 29, 758}
119	{584, 930, 594, 547, 262}
120	{640, 561, 140, 276, 495}
121	{423, 579, 755, 179, 763}
122	{34, 612, 348, 558, 7}
123	{938, 98, 940, 53, 558}
124	{136, 560, 803, 605, 878}
125	{557, 59, 610, 565, 629}
126	{523, 41, 707, 920, 598}
127	{881, 307, 212, 478, 547}
128	{120, 162, 276, 381, 374}
129	{725, 890, 311, 454, 671}
130	{155, 748, 596, 638, 167}
131	{769, 270, 405, 294, 281}
132	{640, 321, 619, 623, 727}
133	{328, 794, 795, 163, 903}
134	{840, 138, 511, 357, 487}
135	{360, 884, 626, 435, 116}
136	{418, 194, 164, 882, 367}
137	{471, 835, 84, 477, 143}
138	{697, 329, 347, 11, 404}
139	{730, 29, 156, 581, 751}
140	{875, 331, 538, 107, 772}
141	{423, 931, 572, 790, 799}
142	{259, 290, 795, 562, 71}
143	{832, 705, 444, 492, 734}
144	{307, 797, 515, 933, 423}
145	{393, 460, 36, 469, 551}
146	{752, 699, 924, 888, 535}
147	{178, 269, 588, 181, 719}
148	{197, 74, 796, 61, 604}
149	{336, 329, 675, 438, 688}
150	{809, 41, 413, 366, 561}
151	{296, 886, 940, 462, 503}
152	{752, 671, 436, 253, 471}
153	{217, 378, 605, 326, 391}
154	{704, 289, 514, 627, 877}
155	{221, 425, 338, 789, 287}
156	{128, 337, 370, 483, 158}
157	{640, 553, 98, 293, 416}
158	{451, 535, 253, 846, 135}
159	{652, 202, 428, 228, 78}
160	{144, 690, 370, 931, 287}
161	{36, 246, 917, 878, 695}
162	{145, 711, 691, 476, 415}
163	{185, 330, 823, 174, 922}
164	{376, 498, 781, 189, 495}
165	{936, 898, 467, 292, 310}
166	{752, 161, 674, 678, 791}
167	{938, 404, 786, 100, 39}
168	{440, 727, 635, 237, 767}
169	{376, 107, 908, 870, 687}
170	{433, 770, 124, 214, 775}
171	{912, 458, 112, 294, 340}
172	{544, 673, 809, 910, 223}
173	{586, 467, 527, 284, 431}
174	{512, 722, 296, 36, 618}
175	{792, 576, 218, 147, 13}
176	{720, 193, 650, 67, 639}
177	{344, 418, 659, 120, 831}
178	{584, 89, 378, 731, 571}
179	{550, 690, 298, 358, 711}
180	{696, 25, 394, 931, 367}
181	{697, 28, 557, 758, 561}
182	{521, 58, 171, 684, 806}
183	{41, 109, 738, 277, 918}
184	{386, 619, 119, 20, 575}
185	{744, 403, 164, 318, 919}
186	{808, 201, 322, 229, 630}
187	{312, 522, 640, 622, 79}
188	{672, 51, 312, 859, 692}
189	{865, 66, 405, 669, 606}
190	{573, 209, 298, 379, 757}
191	{110, 116, 549, 182, 807}
192	{232, 314, 320, 398, 727}
193	{384, 535, 68, 549, 7}
194	{16, 561, 690, 796, 254}
195	{41, 586, 884, 534, 94}
196	{824, 121, 27, 572, 604}
197	{98, 907, 155, 222, 95}
198	{937, 91, 459, 220, 307}
199	{232, 49, 227, 708, 437}
200	{568, 249, 308, 94, 655}
201	{474, 266, 139, 70, 135}
202	{384, 137, 878, 918, 127}
203	{749, 90, 279, 613, 135}
204	{56, 777, 254, 593, 71}
205	{797, 861, 588, 157, 550}
206	{192, 689, 218, 70, 319}
207	{209, 826, 468, 501, 852}
208	{902, 707, 934, 912, 518}
209	{829, 602, 259, 5, 483}
210	{2, 212, 589, 710, 175}
211	{544, 633, 578, 638, 391}
212	{407, 224, 250, 326, 855}
213	{690, 281, 418, 693, 464}
214	{704, 922, 635, 139, 920}
215	{921, 114, 428, 837, 70}
216	{129, 499, 676, 557, 38}
217	{601, 910, 461, 97, 335}
218	{578, 506, 213, 230, 631}
219	{817, 620, 637, 52, 95}
220	{425, 738, 185, 453, 271}
221	{403, 436, 469, 678, 679}
222	{904, 880, 621, 230, 596}
223	{816, 590, 647, 342, 790}
224	{786, 915, 829, 70, 783}
225	{671, 719, 938, 347, 687}
226	{496, 371, 176, 278, 711}
227	{608, 129, 146, 877, 583}
228	{599, 388, 61, 726, 119}
229	{655, 609, 538, 936, 935}
230	{673, 241, 162, 779, 87}
231	{455, 729, 882, 539, 359}
232	{113, 716, 324, 854, 223}
233	{704, 906, 27, 446, 534}
234	{897, 51, 804, 357, 735}
235	{726, 413, 925, 534, 278}
236	{888, 113, 48, 420, 782}
237	{932, 515, 900, 246, 815}
238	{754, 531, 237, 618, 755}
239	{864, 8, 796, 573, 876}
240	{17, 444, 403, 84, 846}
241	{120, 191, 571, 52, 711}
242	{646, 458, 107, 654, 343}
243	{196, 840, 827, 132, 839}
244	{144, 761, 394, 243, 620}
245	{465, 316, 797, 302, 351}
246	{120, 489, 634, 196, 580}
247	{488, 617, 162, 875, 560}
248	{712, 891, 51, 933, 526}
249	{894, 324, 597, 942, 191}
250	{837, 774, 629, 766, 31}
251	{328, 674, 805, 390, 719}
252	{434, 394, 227, 599, 135}
253	{442, 833, 306, 252, 536}
254	{833, 937, 298, 473, 118}
255	{331, 387, 900, 7, 759}
256	{889, 393, 12, 222, 599}
257	{304, 894, 835, 829, 494}
258	{160, 777, 47, 93, 495}
259	{856, 8, 803, 477, 518}
260	{441, 689, 451, 68, 600}
261	{368, 537, 418, 267, 118}
262	{176, 513, 315, 620, 215}
263	{601, 290, 651, 853, 287}
264	{936, 537, 783, 353, 871}
265	{904, 433, 588, 128, 857}
266	{517, 535, 893, 94, 431}
267	{809, 419, 524, 485, 495}
268	{528, 539, 403, 229, 335}
269	{240, 481, 656, 932, 605}
270	{792, 498, 747, 486, 367}
271	{115, 129, 858, 491, 862}
272	{671, 169, 588, 622, 287}
273	{777, 118, 939, 377, 175}
274	{857, 890, 196, 653, 486}
275	{741, 885, 445, 661, 9}
276	{624, 908, 131, 182, 678}
277	{277, 330, 117, 482, 501}
278	{361, 430, 470, 630, 326}
279	{522, 123, 746, 267, 354}
280	{209, 682, 868, 533, 798}
281	{184, 871, 573, 79, 343}
282	{121, 517, 356, 413, 662}
283	{442, 574, 722, 253, 326}
284	{744, 113, 573, 653, 831}
285	{450, 223, 526, 614, 914}
286	{2, 603, 27, 596, 541}
287	{224, 609, 204, 12, 509}
288	{456, 840, 667, 781, 574}
289	{186, 294, 714, 662, 238}
290	{18, 487, 844, 165, 191}
291	{24, 257, 514, 533, 590}
292	{752, 923, 324, 333, 102}
293	{315, 578, 747, 404, 526}
294	{448, 330, 523, 132, 316}
295	{716, 284, 861, 718, 871}
296	{280, 233, 474, 460, 465}
297	{920, 401, 754, 214, 278}
298	{128, 785, 683, 444, 12}
299	{48, 395, 251, 648, 375}
300	{249, 269, 228, 693, 175}
301	{857, 332, 454, 273, 583}
302	{577, 19, 252, 693, 790}
303	{168, 520, 690, 40, 616}
304	{143, 153, 259, 733, 711}
305	{321, 763, 251, 838, 479}
306	{253, 533, 131, 821, 295}
307	{936, 620, 883, 940, 870}
308	{600, 553, 283, 166, 127}
309	{16, 934, 136, 686, 679}
310	{256, 27, 791, 149, 647}
311	{96, 892, 851, 108, 184}
312	{27, 769, 614, 267, 894}
313	{560, 849, 650, 3, 767}
314	{147, 124, 829, 718, 175}
315	{73, 766, 500, 54, 575}
316	{393, 538, 637, 629, 487}
317	{314, 893, 155, 660, 565}
318	{912, 832, 268, 781, 471}
319	{792, 805, 418, 75, 141}
320	{545, 404, 353, 174, 879}
321	{815, 2, 595, 90, 407}
322	{890, 727, 189, 13, 799}
323	{24, 698, 912, 765, 661}
324	{392, 288, 490, 107, 454}
325	{577, 730, 501, 510, 98}
326	{688, 32, 300, 877, 646}
327	{121, 106, 365, 789, 471}
328	{744, 840, 420, 893, 439}
329	{873, 730, 228, 293, 645}
330	{905, 541, 84, 836, 799}
331	{794, 801, 738, 115, 375}
332	{136, 426, 556, 909, 862}
333	{905, 835, 147, 661, 390}
334	{505, 837, 908, 772, 742}
335	{616, 32, 640, 502, 39}
336	{530, 882, 603, 676, 726}
337	{709, 329, 941, 445, 71}
338	{649, 122, 107, 219, 297}
339	{24, 169, 506, 48, 374}
340	{119, 364, 245, 830, 87}
341	{206, 796, 348, 734, 596}
342	{100, 148, 451, 812, 247}
343	{904, 921, 834, 523, 469}
344	{392, 537, 346, 427, 907}
345	{920, 466, 719, 156, 407}
346	{59, 748, 683, 222, 763}
347	{504, 34, 348, 813, 370}
348	{640, 308, 596, 556, 607}
349	{125, 511, 709, 94, 30}
350	{696, 201, 187, 116, 262}
351	{148, 390, 276, 670, 767}
352	{40, 236, 427, 156, 325}
353	{19, 292, 421, 190, 599}
354	{800, 169, 243, 918, 720}
355	{283, 921, 82, 683, 454}
356	{107, 485, 59, 260, 532}
357	{577, 802, 876, 173, 310}
358	{448, 497, 259, 620, 737}
359	{665, 273, 442, 763, 476}
360	{684, 483, 535, 791, 447}
361	{136, 345, 450, 716, 46}
362	{121, 570, 763, 172, 549}
363	{600, 329, 346, 379, 854}
364	{89, 628, 533, 598, 831}
365	{841, 186, 724, 534, 903}
366	{696, 329, 170, 685, 625}
367	{784, 600, 140, 400, 223}
368	{393, 10, 796, 886, 503}
369	{208, 506, 154, 3, 280}
370	{464, 801, 114, 850, 246}
371	{106, 667, 101, 782, 669}
372	{80, 850, 668, 828, 647}
373	{672, 857, 381, 245, 431}
374	{800, 105, 274, 42, 359}
375	{283, 765, 811, 171, 326}
376	{400, 610, 443, 366, 343}
377	{392, 33, 723, 716, 879}
378	{191, 36, 625, 300, 807}
379	{50, 283, 204, 14, 230}
380	{106, 475, 196, 661, 910}
381	{196, 338, 643, 876, 119}
382	{569, 150, 293, 822, 846}
383	{142, 497, 611, 182, 455}
384	{80, 458, 501, 414, 527}
385	{473, 82, 667, 285, 758}
386	{793, 146, 894, 389, 454}
387	{649, 898, 60, 334, 906}
388	{104, 418, 56, 685, 720}
389	{448, 250, 243, 546, 594}
390	{35, 626, 259, 524, 110}
391	{8, 362, 61, 613, 606}
392	{249, 255, 631, 870, 687}
393	{440, 907, 872, 253, 918}
394	{72, 817, 125, 840, 581}
395	{619, 591, 235, 742, 719}
396	{302, 171, 285, 534, 936}
397	{655, 681, 456, 65, 743}
398	{393, 171, 228, 193, 582}
399	{720, 361, 393, 481, 567}
400	{704, 540, 631, 830, 486}
401	{434, 453, 90, 738, 157}
402	{128, 921, 914, 568, 196}
403	{552, 193, 235, 132, 876}
404	{490, 109, 797, 566, 399}
405	{590, 654, 589, 613, 934}
406	{648, 762, 787, 915, 470}
407	{776, 170, 126, 894, 386}
408	{112, 366, 555, 38, 758}
409	{576, 81, 904, 926, 551}
410	{616, 498, 654, 373, 838}
411	{171, 36, 533, 414, 551}
412	{408, 89, 673, 516, 54}
413	{202, 147, 476, 757, 487}
414	{833, 377, 634, 109, 894}
415	{688, 232, 891, 453, 803}
416	{793, 60, 253, 70, 111}
417	{849, 881, 610, 781, 847}
418	{178, 147, 476, 901, 138}
419	{568, 829, 75, 828, 773}
420	{449, 138, 251, 724, 398}
421	{80, 501, 205, 679, 215}
422	{452, 525, 627, 28, 829}
423	{528, 906, 100, 309, 831}
424	{784, 817, 650, 430, 446}
425	{809, 18, 771, 922, 167}
426	{9, 866, 452, 753, 167}
427	{632, 17, 694, 149, 769}
428	{415, 314, 139, 566, 159}
429	{176, 562, 203, 93, 910}
430	{99, 107, 66, 931, 662}
431	{64, 929, 290, 211, 53}
432	{24, 723, 140, 28, 767}
433	{416, 585, 346, 916, 604}
434	{507, 612, 693, 342, 661}
435	{146, 467, 739, 383, 271}
436	{154, 45, 900, 39, 847}
437	{201, 875, 20, 725, 166}
438	{577, 473, 538, 83, 800}
439	{744, 32, 811, 301, 894}
440	{624, 449, 82, 294, 263}
441	{862, 730, 635, 134, 63}
442	{753, 393, 275, 397, 446}
443	{714, 682, 372, 34, 478}
444	{864, 61, 23, 613, 375}
445	{328, 449, 145, 276, 485}
446	{520, 614, 670, 916, 46}
447	{384, 167, 859, 437, 935}
448	{329, 370, 379, 789, 687}
449	{434, 730, 114, 36, 350}
450	{9, 171, 316, 486, 809}
451	{792, 66, 483, 34, 429}
452	{199, 813, 396, 173, 391}
453	{240, 587, 27, 868, 375}
454	{625, 674, 217, 902, 431}
455	{321, 322, 18, 221, 470}
456	{779, 401, 913, 315, 622}
457	{304, 913, 154, 152, 701}
458	{17, 508, 901, 422, 751}
459	{370, 395, 922, 667, 631}
460	{536, 329, 275, 140, 94}
461	{541, 357, 91, 317, 542}
462	{34, 628, 261, 6, 759}
463	{248, 459, 108, 526, 799}
464	{754, 894, 882, 326, 495}
465	{48, 444, 188, 788, 276}
466	{490, 227, 52, 478, 647}
467	{297, 114, 523, 420, 631}
468	{124, 654, 444, 269, 661}
469	{712, 825, 821, 621, 925}
470	{160, 9, 692, 480, 782}
471	{377, 164, 924, 861, 927}
472	{880, 345, 186, 578, 485}
473	{841, 291, 212, 373, 494}
474	{616, 826, 468, 136, 454}
475	{218, 738, 455, 406, 167}
476	{104, 441, 806, 377, 302}
477	{17, 890, 389, 6, 151}
478	{474, 418, 35, 357, 211}
479	{496, 321, 562, 403, 407}
480	{752, 760, 498, 451, 281}
481	{48, 897, 228, 500, 823}
482	{469, 676, 452, 837, 566}
483	{624, 515, 483, 549, 935}
484	{880, 258, 381, 316, 533}
485	{664, 752, 689, 84, 36}
486	{361, 396, 542, 44, 591}
487	{617, 107, 436, 6, 71}
488	{488, 705, 228, 61, 711}
489	{848, 399, 455, 331, 791}
490	{388, 658, 828, 941, 386}
491	{112, 202, 460, 888, 351}
492	{808, 858, 692, 378, 456}
493	{838, 3, 620, 142, 927}
494	{73, 902, 505, 881, 687}
495	{779, 715, 708, 852, 687}
496	{496, 345, 681, 105, 219}
497	{433, 98, 82, 341, 279}
498	{249, 387, 895, 318, 223}
499	{672, 811, 686, 853, 846}
500	{504, 614, 651, 182, 623}
501	{649, 315, 241, 246, 527}
502	{474, 34, 907, 580, 119}
503	{128, 249, 859, 854, 8}
504	{737, 147, 97, 718, 846}
505	{928, 903, 640, 599, 63}
506	{720, 626, 237, 254, 479}
507	{787, 3, 323, 768, 495}
508	{168, 137, 676, 868, 887}
509	{136, 217, 435, 44, 215}
510	{97, 547, 156, 889, 183}
511	{57, 428, 347, 796, 84}
512	{248, 373, 796, 349, 890}
513	{641, 794, 267, 203, 17}
514	{632, 129, 364, 886, 207}
515	{448, 393, 723, 438, 927}
516	{81, 650, 839, 446, 487}
517	{504, 307, 140, 510, 711}
518	{132, 819, 828, 389, 271}
519	{416, 449, 872, 121, 55}
520	{507, 446, 717, 582, 92}
521	{539, 753, 683, 622, 295}
522	{656, 18, 907, 252, 198}
523	{849, 524, 246, 358, 599}
524	{857, 29, 761, 750, 903}
525	{64, 652, 708, 601, 55}
526	{521, 155, 97, 335, 615}
527	{870, 100, 877, 246, 215}
528	{296, 721, 372, 333, 57}
529	{497, 99, 535, 422, 499}
530	{808, 929, 923, 469, 438}
531	{12, 219, 860, 174, 382}
532	{528, 792, 482, 660, 184}
533	{88, 593, 276, 350, 580}
534	{640, 516, 371, 837, 221}
535	{920, 57, 778, 740, 810}
536	{344, 329, 940, 214, 504}
537	{480, 897, 851, 637, 95}
538	{552, 257, 40, 228, 837}
539	{527, 212, 221, 430, 727}
540	{16, 282, 787, 188, 774}
541	{635, 170, 715, 23, 871}
542	{744, 497, 499, 492, 806}
543	{745, 474, 387, 478, 583}
544	{800, 153, 74, 307, 906}
545	{8, 725, 84, 152, 311}
546	{781, 508, 445, 454, 503}
547	{137, 563, 395, 766, 631}
548	{558, 441, 308, 406, 799}
549	{453, 919, 637, 157, 679}
550	{480, 937, 850, 364, 285}
551	{520, 410, 195, 324, 332}
552	{648, 873, 108, 286, 359}
553	{832, 73, 370, 333, 8}
554	{520, 493, 754, 661, 814}
555	{838, 850, 150, 102, 609}
556	{636, 937, 180, 660, 878}
557	{139, 643, 724, 13, 607}
558	{94, 898, 189, 142, 658}
559	{733, 857, 114, 869, 125}
560	{921, 18, 179, 322, 30}
561	{489, 722, 147, 629, 574}
562	{433, 907, 260, 446, 308}
563	{888, 705, 934, 373, 430}
564	{776, 505, 900, 526, 263}
565	{377, 106, 675, 42, 39}
566	{288, 730, 387, 572, 775}
567	{64, 269, 372, 757, 303}
568	{216, 201, 906, 902, 662}
569	{192, 675, 236, 542, 559}
570	{705, 754, 158, 437, 502}
571	{576, 857, 595, 885, 607}
572	{456, 177, 802, 669, 662}
573	{555, 298, 851, 839, 391}
574	{833, 843, 603, 133, 334}
575	{722, 29, 724, 5, 206}
576	{930, 532, 271, 885, 191}
577	{193, 842, 171, 292, 709}
578	{928, 9, 328, 198, 456}
579	{648, 334, 619, 205, 222}
580	{502, 44, 252, 798, 831}
581	{709, 716, 740, 126, 133}
582	{688, 913, 870, 117, 398}
583	{744, 504, 727, 645, 575}
584	{856, 857, 708, 125, 687}
585	{48, 713, 938, 523, 319}
586	{150, 156, 581, 430, 639}
587	{857, 394, 921, 469, 838}
588	{717, 482, 429, 502, 927}
589	{648, 74, 894, 318, 807}
590	{513, 675, 747, 878, 103}
591	{371, 574, 147, 732, 510}
592	{168, 697, 764, 557, 679}
593	{808, 473, 659, 356, 669}
594	{321, 113, 138, 50, 292}
595	{208, 228, 573, 36, 52}
596	{154, 795, 413, 918, 215}
597	{330, 452, 396, 885, 580}
598	{208, 898, 236, 14, 424}
599	{513, 354, 35, 571, 735}
600	{112, 792, 364, 61, 718}
601	{757, 554, 843, 285, 222}
602	{814, 550, 410, 350, 377}
603	{802, 764, 734, 254, 47}
604	{889, 402, 627, 419, 71}
605	{795, 674, 931, 349, 159}
606	{672, 481, 916, 533, 607}
607	{258, 595, 915, 933, 518}
608	{98, 300, 666, 630, 191}
609	{537, 346, 827, 678, 639}
610	{784, 737, 641, 19, 64}
611	{640, 753, 666, 916, 33}
612	{2, 219, 644, 44, 399}
613	{453, 756, 508, 484, 141}
614	{306, 91, 212, 110, 847}
615	{868, 459, 375, 181, 775}
616	{368, 491, 60, 101, 941}
617	{8, 929, 325, 389, 519}
618	{648, 140, 338, 632, 614}
619	{720, 505, 466, 20, 213}
620	{825, 258, 689, 446, 207}
621	{152, 129, 490, 181, 791}
622	{461, 553, 714, 11, 669}
623	{427, 105, 346, 451, 205}
624	{50, 742, 533, 110, 847}
625	{313, 869, 211, 436, 677}
626	{938, 314, 748, 85, 173}
627	{553, 75, 427, 909, 438}
628	{545, 802, 526, 590, 199}
629	{416, 153, 827, 317, 693}
630	{159, 593, 393, 726, 935}
631	{712, 795, 385, 35, 485}
632	{410, 571, 653, 598, 106}
633	{808, 457, 338, 163, 517}
634	{96, 466, 870, 306, 862}
635	{528, 915, 861, 211, 287}
636	{344, 10, 267, 653, 135}
637	{81, 530, 921, 71, 658}
638	{868, 834, 19, 300, 69}
639	{64, 231, 619, 880, 23}
640	{208, 289, 50, 401, 63}
641	{237, 786, 381, 95, 855}
642	{400, 921, 418, 548, 510}
643	{146, 694, 362, 318, 575}
644	{624, 881, 692, 421, 238}
645	{930, 435, 284, 815, 340}
646	{148, 474, 300, 221, 22}
647	{848, 722, 902, 222, 774}
648	{911, 697, 914, 379, 279}
649	{150, 275, 492, 228, 438}
650	{665, 908, 909, 548, 487}
651	{26, 940, 941, 205, 895}
652	{592, 753, 556, 718, 628}
653	{928, 509, 555, 325, 303}
654	{385, 53, 934, 453, 894}
655	{378, 371, 636, 394, 7}
656	{762, 31, 781, 534, 511}
657	{642, 406, 807, 326, 351}
658	{771, 177, 219, 381, 227}
659	{792, 256, 352, 469, 847}
660	{449, 28, 124, 845, 809}
661	{746, 467, 892, 149, 645}
662	{320, 457, 869, 50, 797}
663	{145, 665, 2, 598, 881}
664	{226, 668, 309, 830, 583}
665	{168, 849, 130, 660, 783}
666	{298, 702, 559, 286, 410}
667	{376, 655, 900, 93, 407}
668	{656, 875, 251, 116, 368}
669	{912, 241, 131, 68, 629}
670	{520, 706, 738, 563, 149}
671	{434, 250, 686, 517, 206}
672	{664, 218, 234, 451, 882}
673	{603, 934, 166, 438, 52}
674	{416, 915, 71, 70, 303}
675	{315, 886, 923, 300, 134}
676	{160, 394, 923, 28, 503}
677	{489, 491, 412, 237, 852}
678	{99, 553, 385, 258, 94}
679	{848, 698, 352, 229, 855}
680	{368, 299, 587, 245, 806}
681	{665, 897, 738, 668, 933}
682	{267, 121, 595, 499, 860}
683	{856, 145, 460, 376, 70}
684	{96, 312, 323, 196, 389}
685	{832, 617, 711, 912, 39}
686	{264, 922, 568, 104, 181}
687	{717, 347, 651, 493, 702}
688	{753, 797, 469, 798, 941}
689	{800, 283, 412, 575, 455}
690	{212, 427, 444, 190, 663}
691	{114, 740, 789, 610, 503}
692	{888, 545, 401, 113, 631}
693	{778, 298, 251, 652, 245}
694	{848, 562, 475, 378, 471}
695	{553, 418, 539, 667, 858}
696	{514, 382, 587, 764, 582}
697	{423, 700, 221, 694, 278}
698	{832, 825, 936, 769, 305}
699	{880, 499, 788, 749, 815}
700	{355, 617, 490, 435, 232}
701	{875, 371, 682, 411, 391}
702	{322, 171, 34, 106, 343}
703	{488, 67, 206, 723, 286}
704	{136, 638, 764, 238, 887}
705	{272, 266, 4, 152, 324}
706	{264, 370, 106, 542, 167}
707	{136, 347, 900, 37, 294}
708	{864, 629, 109, 590, 87}
709	{249, 285, 372, 565, 751}
710	{920, 482, 885, 685, 79}
711	{536, 240, 48, 263, 471}
712	{729, 921, 323, 484, 125}
713	{153, 83, 181, 861, 575}
714	{32, 10, 227, 541, 791}
715	{920, 810, 555, 813, 375}
716	{680, 929, 420, 300, 879}
717	{656, 373, 829, 662, 14}
718	{282, 412, 631, 141, 76}
719	{309, 213, 482, 227, 21}
720	{440, 243, 668, 645, 319}
721	{636, 257, 20, 310, 200}
722	{711, 532, 386, 366, 463}
723	{776, 521, 457, 196, 445}
724	{657, 290, 475, 570, 57}
725	{296, 649, 570, 477, 879}
726	{672, 241, 13, 851, 941}
727	{46, 67, 611, 932, 702}
728	{275, 459, 172, 174, 511}
729	{713, 426, 890, 894, 751}
730	{49, 242, 234, 330, 470}
731	{493, 506, 51, 691, 382}
732	{619, 578, 490, 500, 877}
733	{856, 33, 211, 252, 63}
734	{201, 125, 707, 909, 639}
735	{905, 875, 420, 78, 396}
736	{108, 778, 259, 940, 797}
737	{928, 601, 907, 220, 160}
738	{392, 31, 260, 245, 84}
739	{250, 587, 422, 853, 6}
740	{24, 307, 331, 659, 582}
741	{345, 179, 5, 470, 479}
742	{784, 257, 171, 408, 33}
743	{841, 602, 853, 77, 57}
744	{18, 266, 162, 419, 479}
745	{169, 370, 676, 20, 46}
746	{225, 458, 751, 569, 279}
747	{224, 601, 851, 139, 47}
748	{41, 117, 803, 5, 726}
749	{136, 474, 106, 88, 718}
750	{698, 116, 389, 326, 47}
751	{929, 369, 203, 796, 334}
752	{496, 355, 642, 26, 604}
753	{250, 446, 653, 855, 319}
754	{749, 131, 581, 573, 685}
755	{369, 362, 916, 877, 265}
756	{849, 700, 716, 277, 130}
757	{554, 908, 141, 702, 30}
758	{760, 116, 864, 880, 175}
759	{576, 450, 291, 332, 354}
760	{634, 371, 524, 343, 479}
761	{672, 838, 75, 342, 774}
762	{713, 18, 811, 381, 846}
763	{376, 937, 129, 379, 703}
764	{120, 929, 323, 525, 759}
765	{313, 187, 485, 521, 766}
766	{504, 201, 506, 834, 341}
767	{713, 298, 556, 561, 71}
768	{786, 523, 668, 365, 410}
769	{792, 873, 59, 885, 351}
770	{938, 697, 370, 651, 385}
771	{512, 618, 413, 550, 647}
772	{515, 323, 245, 438, 807}
773	{936, 393, 891, 492, 489}
774	{456, 561, 835, 292, 823}
775	{649, 346, 258, 505, 166}
776	{310, 268, 677, 662, 535}
777	{321, 537, 209, 189, 257}
778	{581, 127, 381, 318, 223}
779	{8, 770, 252, 484, 525}
780	{216, 98, 444, 621, 406}
781	{322, 404, 122, 566, 543}
782	{528, 748, 780, 623, 911}
783	{325, 395, 716, 901, 340}
784	{730, 204, 652, 741, 159}
785	{449, 364, 85, 574, 215}
786	{869, 121, 74, 867, 413}
787	{545, 897, 259, 172, 261}
788	{620, 937, 674, 12, 176}
789	{520, 57, 156, 502, 671}
790	{384, 793, 852, 222, 719}
791	{792, 891, 852, 173, 470}
792	{520, 250, 547, 360, 550}
793	{415, 491, 648, 542, 231}
794	{185, 802, 507, 364, 319}
795	{488, 497, 514, 571, 303}
796	{480, 609, 374, 675, 262}
797	{896, 411, 460, 869, 606}
798	{105, 666, 460, 270, 340}
799	{65, 731, 404, 567, 807}
800	{226, 626, 323, 37, 935}
801	{253, 246, 933, 405, 863}
802	{664, 282, 798, 866, 807}
803	{384, 217, 108, 785, 727}
804	{504, 786, 404, 590, 727}
805	{136, 513, 715, 45, 529}
806	{241, 530, 835, 748, 763}
807	{919, 460, 22, 822, 535}
808	{808, 265, 70, 167, 599}
809	{482, 907, 173, 502, 755}
810	{232, 304, 892, 277, 478}
811	{17, 650, 261, 789, 631}
812	{334, 658, 621, 206, 847}
813	{169, 218, 349, 326, 479}
814	{730, 866, 398, 826, 622}
815	{167, 373, 212, 285, 615}
816	{816, 105, 300, 740, 625}
817	{19, 353, 323, 572, 806}
818	{728, 138, 638, 38, 176}
819	{476, 210, 179, 252, 919}
820	{769, 603, 637, 334, 735}
821	{481, 100, 685, 126, 485}
822	{778, 255, 21, 414, 383}
823	{890, 34, 132, 788, 22}
824	{402, 940, 405, 158, 238}
825	{12, 347, 340, 165, 630}
826	{635, 217, 196, 100, 117}
827	{368, 521, 667, 643, 565}
828	{232, 657, 659, 428, 894}
829	{904, 681, 827, 836, 453}
830	{768, 651, 876, 885, 807}
831	{98, 500, 524, 910, 695}
832	{256, 401, 587, 396, 617}
833	{838, 378, 31, 14, 823}
834	{584, 505, 908, 656, 903}
835	{616, 350, 915, 268, 70}
836	{938, 713, 554, 524, 447}
837	{585, 658, 627, 692, 918}
838	{803, 170, 427, 60, 59}
839	{108, 529, 668, 392, 758}
840	{867, 411, 325, 308, 887}
841	{337, 860, 821, 308, 335}
842	{606, 387, 404, 475, 879}
843	{480, 388, 63, 654, 168}
844	{312, 921, 619, 604, 599}
845	{248, 817, 171, 299, 933}
846	{816, 690, 435, 206, 255}
847	{99, 818, 755, 805, 558}
848	{664, 137, 90, 816, 197}
849	{696, 513, 34, 483, 534}
850	{896, 433, 521, 590, 495}
851	{832, 792, 418, 152, 901}
852	{649, 563, 381, 774, 487}
853	{336, 937, 794, 927, 783}
854	{396, 886, 308, 725, 606}
855	{712, 826, 181, 71, 751}
856	{776, 914, 554, 469, 623}
857	{408, 305, 835, 584, 524}
858	{704, 537, 227, 62, 727}
859	{312, 291, 320, 813, 214}
860	{57, 853, 149, 839, 807}
861	{294, 760, 59, 197, 638}
862	{146, 711, 461, 918, 759}
863	{177, 585, 425, 76, 541}
864	{392, 762, 848, 509, 30}
865	{636, 631, 279, 542, 79}
866	{607, 887, 909, 542, 327}
867	{528, 441, 787, 822, 59}
868	{648, 121, 51, 38, 679}
869	{585, 563, 799, 597, 127}
870	{921, 394, 325, 901, 487}
871	{592, 266, 75, 629, 574}
872	{568, 365, 718, 374, 278}
873	{186, 321, 210, 237, 503}
874	{672, 873, 506, 637, 391}
875	{776, 729, 938, 521, 311}
876	{662, 739, 815, 294, 231}
877	{1, 236, 589, 158, 135}
878	{611, 258, 483, 163, 654}
879	{488, 305, 386, 344, 588}
880	{16, 377, 354, 644, 222}
881	{9, 882, 11, 710, 254}
882	{193, 436, 709, 318, 265}
883	{736, 488, 114, 254, 839}
884	{273, 314, 629, 702, 695}
885	{656, 736, 396, 925, 918}
886	{520, 915, 212, 862, 847}
887	{294, 17, 363, 78, 889}
888	{26, 282, 356, 7, 615}
889	{65, 698, 118, 494, 114}
890	{801, 82, 403, 180, 895}
891	{448, 35, 899, 276, 670}
892	{65, 746, 52, 217, 543}
893	{137, 787, 589, 245, 815}
894	{537, 637, 595, 181, 33}
895	{464, 363, 743, 720, 7}
896	{465, 18, 614, 637, 558}
897	{657, 268, 453, 924, 767}
898	{32, 273, 707, 308, 775}
899	{56, 662, 764, 101, 750}
900	{904, 10, 299, 878, 911}
901	{616, 241, 739, 157, 567}
902	{600, 688, 637, 406, 815}
903	{769, 385, 363, 667, 602}
904	{288, 194, 148, 229, 94}
905	{169, 530, 69, 252, 469}
906	{283, 371, 716, 7, 391}
907	{414, 3, 619, 781, 510}
908	{130, 317, 804, 805, 138}
909	{291, 443, 453, 390, 623}
910	{924, 694, 92, 222, 262}
911	{745, 354, 242, 620, 165}
912	{560, 857, 266, 493, 503}
913	{320, 537, 715, 53, 464}
914	{871, 71, 421, 182, 607}
915	{912, 289, 290, 116, 438}
916	{89, 185, 214, 638, 863}
917	{88, 307, 543, 797, 111}
918	{48, 779, 915, 5, 63}
919	{461, 28, 749, 62, 526}
920	{187, 341, 677, 211, 855}
921	{456, 458, 931, 540, 823}
922	{577, 178, 587, 350, 639}
923	{96, 495, 316, 382, 239}
924	{644, 524, 933, 494, 927}
925	{48, 604, 933, 550, 645}
926	{681, 716, 217, 881, 751}
927	{66, 13, 628, 268, 332}
928	{720, 321, 620, 941, 791}
929	{248, 834, 21, 366, 173}
930	{360, 257, 178, 211, 89}
931	{218, 722, 387, 772, 766}
932	{656, 442, 716, 524, 102}
933	{840, 721, 122, 779, 733}
934	{840, 834, 259, 452, 221}
935	{366, 878, 763, 293, 566}
936	{48, 1, 772, 573, 911}
937	{927, 747, 932, 486, 527}
938	{490, 873, 386, 411, 495}
939	{712, 509, 85, 389, 126}
940	{192, 457, 771, 4, 303}
941	{594, 451, 554, 147, 414}
942	{156, 915, 188, 475, 33}
943	{697, 754, 268, 829, 286}
944	{458, 434, 105, 785, 287}
945	{377, 898, 261, 108, 772}
946	{150, 459, 189, 390, 735}
947	{11, 842, 83, 660, 222}
948	{752, 457, 207, 646, 943}
949	{664, 806, 267, 22, 479}
950	{33, 770, 580, 173, 758}
951	{712, 123, 83, 451, 222}
952	{202, 195, 445, 79, 151}
953	{361, 698, 606, 302, 375}
954	{648, 444, 892, 630, 359}
955	{161, 659, 827, 777, 375}
956	{848, 140, 738, 323, 892}
957	{697, 156, 790, 934, 105}
958	{920, 475, 244, 119, 247}
959	{488, 856, 587, 869, 70}
960	{840, 626, 357, 14, 815}
961	{495, 876, 395, 799, 479}
962	{505, 170, 315, 342, 491}
963	{281, 674, 419, 147, 580}
964	{528, 707, 616, 822, 246}
965	{528, 649, 917, 389, 447}
966	{153, 530, 395, 214, 559}
967	{329, 803, 484, 22, 895}
968	{331, 876, 173, 758, 39}
969	{100, 73, 290, 604, 354}
970	{176, 562, 323, 397, 192}
971	{401, 683, 668, 917, 383}
972	{912, 473, 363, 614, 798}
973	{515, 267, 147, 213, 182}
974	{662, 783, 246, 622, 431}
975	{384, 129, 82, 713, 686}
976	{513, 365, 676, 29, 890}
977	{49, 362, 531, 141, 662}
978	{123, 298, 579, 781, 421}
979	{888, 281, 761, 907, 517}
980	{664, 481, 629, 45, 182}
981	{424, 41, 226, 669, 638}
982	{619, 179, 20, 934, 182}
983	{536, 601, 28, 236, 262}
984	{185, 531, 438, 869, 894}
985	{160, 355, 260, 629, 551}
986	{408, 414, 404, 126, 704}
987	{776, 537, 386, 852, 224}
988	{777, 420, 123, 260, 278}
989	{585, 730, 614, 605, 94}
990	{202, 83, 315, 820, 478}
991	{576, 415, 215, 84, 111}
992	{169, 226, 459, 298, 166}
993	{361, 658, 285, 377, 189}
994	{608, 305, 83, 907, 492}
995	{937, 842, 372, 413, 734}
996	{440, 512, 786, 645, 190}
997	{386, 827, 180, 493, 47}
998	{408, 1, 706, 259, 440}
999	{136, 329, 315, 780, 886}
1000	{217, 795, 764, 421, 934}
1001	{632, 881, 201, 4, 366}
1002	{625, 723, 844, 745, 863}
1003	{594, 435, 52, 543, 847}
1004	{832, 681, 891, 166, 638}
1005	{513, 866, 100, 86, 847}
1006	{787, 619, 555, 653, 62}
1007	{817, 711, 161, 233, 335}
1008	{179, 212, 509, 54, 271}
1009	{864, 442, 228, 516, 70}
1010	{866, 711, 623, 781, 847}
1011	{857, 905, 141, 749, 313}
1012	{112, 809, 419, 646, 295}
1013	{385, 874, 652, 110, 631}
1014	{504, 34, 100, 756, 766}
1015	{394, 84, 725, 308, 429}
1016	{640, 247, 565, 638, 175}
1017	{192, 522, 10, 213, 658}
1018	{120, 370, 284, 446, 663}
1019	{688, 865, 759, 366, 559}
1020	{498, 539, 444, 837, 860}
1021	{720, 194, 499, 404, 887}
1022	{636, 345, 778, 620, 127}
1023	{241, 434, 604, 645, 334}
1024	{424, 139, 789, 326, 359}
1025	{24, 682, 11, 620, 602}
1026	{148, 442, 626, 726, 111}
1027	{657, 398, 940, 117, 382}
1028	{688, 155, 268, 475, 15}
1029	{106, 220, 652, 22, 782}
1030	{834, 507, 940, 29, 590}
1031	{80, 584, 875, 718, 54}
1032	{356, 705, 482, 436, 766}
1033	{393, 931, 356, 277, 438}
1034	{539, 505, 602, 395, 45}
1035	{328, 265, 941, 302, 615}
1036	{272, 706, 282, 642, 464}
1037	{360, 692, 748, 688, 631}
1038	{352, 463, 611, 245, 855}
1039	{128, 642, 148, 782, 798}
1040	{376, 725, 140, 367, 415}
1041	{760, 802, 748, 904, 391}
1042	{536, 626, 463, 509, 47}
1043	{450, 180, 580, 82, 362}
1044	{352, 394, 464, 141, 231}
1045	{635, 827, 747, 109, 223}
1046	{65, 458, 204, 30, 447}
1047	{725, 106, 556, 284, 292}
1048	{400, 511, 669, 95, 847}
1049	{876, 794, 468, 500, 870}
1050	{585, 772, 645, 881, 87}
1051	{192, 326, 97, 438, 839}
1052	{152, 162, 878, 349, 854}
1053	{736, 650, 435, 460, 759}
1054	{121, 259, 549, 278, 439}
1055	{471, 116, 589, 678, 421}
1056	{624, 162, 816, 69, 742}
1057	{393, 129, 412, 37, 52}
1058	{217, 641, 460, 885, 231}
1059	{153, 394, 307, 100, 407}
1060	{829, 107, 277, 614, 173}
1061	{459, 332, 796, 583, 223}
1062	{89, 547, 27, 124, 453}
1063	{584, 803, 420, 112, 215}
1064	{884, 713, 622, 644, 662}
1065	{888, 129, 172, 877, 935}
1066	{48, 500, 548, 181, 918}
1067	{505, 642, 19, 476, 431}
1068	{393, 26, 475, 829, 59}
1069	{481, 402, 411, 148, 34}
1070	{608, 377, 330, 665, 556}
1071	{379, 516, 28, 583, 639}
1072	{237, 578, 483, 741, 235}
1073	{285, 331, 835, 219, 691}
1074	{304, 481, 570, 588, 15}
1075	{205, 499, 460, 261, 451}
1076	{184, 691, 780, 318, 76}
1077	{648, 760, 84, 134, 583}
1078	{822, 315, 3, 758, 94}
1079	{8, 809, 692, 862, 407}
1080	{913, 611, 749, 350, 31}
1081	{601, 607, 837, 622, 246}
1082	{326, 42, 204, 508, 238}
1083	{660, 138, 939, 580, 782}
1084	{529, 169, 465, 4, 167}
1085	{544, 480, 298, 821, 38}
1086	{633, 114, 44, 173, 510}
1087	{337, 331, 853, 62, 391}
1088	{552, 737, 673, 292, 574}
1089	{704, 585, 597, 477, 133}
1090	{859, 372, 733, 382, 254}
1091	{264, 483, 717, 14, 255}
1092	{576, 507, 468, 93, 926}
1093	{881, 594, 871, 573, 495}
1094	{97, 125, 219, 93, 397}
1095	{328, 793, 898, 308, 207}
1096	{880, 395, 252, 573, 662}
1097	{688, 714, 251, 443, 7}
1098	{280, 865, 298, 101, 712}
1099	{321, 918, 805, 710, 191}
1100	{584, 626, 44, 46, 487}
1101	{936, 938, 906, 395, 775}
1102	{2, 452, 765, 270, 215}
1103	{671, 793, 859, 558, 750}
1104	{293, 828, 301, 758, 518}
1105	{160, 204, 348, 678, 7}
1106	{514, 926, 188, 126, 215}
1107	{649, 666, 579, 836, 814}
1108	{312, 226, 138, 875, 909}
1109	{833, 237, 218, 220, 741}
1110	{632, 762, 444, 804, 319}
1111	{440, 577, 320, 489, 751}
1112	{249, 595, 499, 893, 903}
1113	{646, 763, 701, 62, 151}
1114	{696, 912, 708, 117, 462}
1115	{280, 850, 454, 414, 855}
1116	{208, 753, 476, 236, 909}
1117	{34, 516, 189, 350, 527}
1118	{267, 187, 188, 621, 855}
1119	{104, 849, 411, 796, 302}
1120	{275, 819, 507, 456, 727}
1121	{714, 764, 557, 430, 487}
1122	{632, 121, 880, 190, 479}
1123	{217, 522, 195, 172, 782}
1124	{803, 532, 579, 372, 493}
1125	{304, 361, 203, 293, 710}
1126	{433, 385, 285, 486, 281}
1127	{180, 674, 26, 508, 618}
1128	{672, 676, 860, 904, 130}
1129	{123, 776, 347, 683, 403}
1130	{736, 671, 876, 414, 247}
1131	{922, 435, 868, 158, 383}
1132	{368, 65, 852, 448, 671}
1133	{256, 488, 204, 796, 711}
1134	{275, 595, 381, 451, 559}
1135	{464, 76, 373, 854, 295}
1136	{840, 689, 586, 117, 935}
1137	{709, 584, 189, 133, 231}
1138	{264, 425, 483, 193, 815}
1139	{632, 593, 98, 765, 254}
1140	{513, 882, 803, 300, 694}
1141	{137, 779, 324, 525, 313}
1142	{937, 831, 716, 836, 239}
1143	{840, 673, 66, 758, 343}
1144	{39, 460, 653, 894, 189}
1145	{816, 563, 155, 335, 911}
1146	{282, 483, 774, 614, 279}
1147	{600, 584, 283, 382, 391}
1148	{129, 402, 419, 868, 370}
1149	{456, 331, 445, 270, 535}
1150	{704, 305, 626, 196, 201}
1151	{328, 18, 853, 14, 79}
1152	{793, 450, 507, 205, 215}
1153	{217, 410, 109, 270, 167}
1154	{208, 21, 877, 141, 653}
1155	{625, 594, 69, 30, 551}
1156	{864, 691, 99, 69, 886}
1157	{8, 752, 546, 540, 646}
1158	{275, 161, 803, 729, 491}
1159	{72, 506, 819, 253, 183}
1160	{536, 881, 480, 62, 806}
1161	{872, 521, 394, 396, 806}
1162	{304, 577, 450, 16, 759}
1163	{201, 122, 771, 694, 135}
1164	{129, 546, 594, 782, 297}
1165	{616, 466, 26, 693, 715}
1166	{112, 530, 26, 395, 885}
1167	{329, 795, 589, 121, 87}
1168	{872, 499, 100, 245, 254}
1169	{679, 418, 229, 878, 895}
1170	{11, 937, 186, 483, 328}
1171	{800, 350, 202, 347, 710}
1172	{217, 137, 158, 935, 479}
1173	{744, 228, 644, 909, 415}
1174	{161, 242, 299, 166, 942}
1175	{628, 537, 355, 332, 711}
1176	{120, 233, 75, 300, 94}
1177	{440, 49, 514, 467, 628}
1178	{336, 273, 603, 628, 760}
1179	{232, 31, 879, 245, 751}
1180	{527, 139, 4, 621, 507}
1181	{888, 331, 840, 692, 805}
1182	{561, 738, 227, 36, 710}
1183	{504, 927, 286, 182, 559}
1184	{696, 187, 653, 822, 631}
1185	{168, 321, 34, 68, 197}
1186	{888, 665, 180, 820, 112}
1187	{737, 532, 484, 821, 790}
1188	{558, 520, 842, 115, 454}
1189	{760, 17, 692, 101, 6}
1190	{808, 825, 431, 214, 369}
1191	{17, 579, 291, 370, 410}
1192	{937, 209, 603, 284, 460}
1193	{352, 771, 396, 469, 198}
1194	{688, 337, 396, 457, 279}
1195	{810, 715, 892, 701, 535}
1196	{736, 930, 746, 725, 766}
1197	{9, 595, 659, 556, 343}
1198	{385, 666, 619, 356, 70}
1199	{675, 636, 430, 910, 203}
1200	{867, 785, 98, 220, 468}
1201	{936, 433, 906, 438, 582}
1202	{136, 10, 67, 863, 823}
1203	{19, 27, 92, 653, 527}
1204	{124, 666, 540, 532, 477}
1205	{259, 254, 789, 278, 607}
1206	{352, 57, 66, 449, 149}
1207	{192, 525, 247, 381, 933}
1208	{611, 529, 763, 36, 591}
1209	{29, 882, 158, 133, 422}
1210	{392, 409, 406, 46, 310}
1211	{577, 394, 323, 453, 134}
1212	{630, 324, 22, 94, 399}
1213	{25, 610, 619, 446, 703}
1214	{593, 801, 419, 636, 23}
1215	{617, 675, 877, 366, 263}
1216	{800, 722, 602, 565, 671}
1217	{8, 421, 172, 836, 511}
1218	{616, 676, 541, 230, 327}
1219	{752, 832, 229, 661, 743}
1220	{448, 313, 560, 678, 399}
1221	{493, 890, 315, 637, 543}
1222	{440, 305, 562, 540, 70}
1223	{819, 852, 244, 902, 735}
1224	{664, 498, 908, 871, 71}
1225	{384, 337, 914, 372, 941}
1226	{169, 708, 356, 501, 119}
1227	{875, 281, 194, 91, 668}
1228	{609, 794, 283, 20, 117}
1229	{856, 822, 282, 128, 302}
1230	{56, 281, 20, 213, 925}
1231	{616, 849, 524, 77, 501}
1232	{658, 811, 332, 253, 54}
1233	{576, 536, 730, 673, 5}
1234	{592, 154, 291, 756, 341}
1235	{912, 371, 588, 453, 438}
1236	{840, 729, 341, 581, 686}
1237	{562, 3, 340, 533, 471}
1238	{768, 666, 595, 245, 173}
1239	{337, 913, 47, 617, 303}
1240	{657, 587, 556, 334, 135}
1241	{216, 489, 642, 356, 589}
1242	{234, 745, 610, 649, 414}
1243	{920, 754, 548, 917, 382}
1244	{64, 641, 770, 804, 737}
1245	{248, 7, 852, 150, 303}
1246	{305, 546, 387, 348, 751}
1247	{400, 17, 567, 113, 455}
1248	{257, 865, 469, 71, 911}
1249	{539, 11, 634, 611, 619}
1250	{771, 497, 91, 52, 471}
1251	{861, 877, 364, 277, 350}
1252	{536, 337, 868, 869, 168}
1253	{226, 484, 733, 798, 103}
1254	{57, 474, 219, 92, 369}
1255	{93, 250, 805, 44, 869}
1256	{818, 364, 773, 550, 855}
1257	{105, 299, 876, 254, 671}
1258	{704, 465, 514, 11, 559}
1259	{457, 842, 885, 54, 287}
1260	{88, 403, 196, 664, 846}
1261	{201, 626, 67, 740, 860}
1262	{481, 538, 739, 550, 551}
1263	{624, 652, 853, 381, 551}
1264	{504, 641, 618, 364, 135}
1265	{385, 66, 677, 366, 386}
1266	{936, 305, 722, 812, 221}
1267	{417, 702, 820, 845, 389}
1268	{880, 529, 482, 506, 543}
1269	{355, 694, 607, 742, 782}
1270	{164, 51, 6, 599, 423}
1271	{752, 169, 171, 221, 55}
1272	{392, 641, 698, 793, 769}
1273	{927, 441, 130, 853, 119}
1274	{256, 409, 421, 85, 463}
1275	{112, 202, 274, 764, 228}
1276	{736, 854, 205, 653, 519}
1277	{928, 185, 202, 540, 382}
1278	{136, 673, 282, 315, 943}
1279	{449, 114, 355, 509, 470}
1280	{128, 194, 874, 403, 72}
1281	{568, 528, 299, 864, 30}
1282	{744, 299, 538, 816, 654}
1283	{904, 265, 13, 625, 431}
1284	{248, 428, 260, 120, 14}
1285	{201, 298, 235, 686, 782}
1286	{464, 852, 101, 820, 23}
1287	{249, 203, 718, 134, 919}
1288	{434, 219, 402, 374, 491}
1289	{164, 212, 68, 229, 687}
1290	{353, 330, 421, 53, 615}
1291	{305, 322, 794, 154, 927}
1292	{104, 713, 694, 136, 70}
1293	{737, 631, 580, 348, 303}
1294	{353, 658, 627, 894, 679}
1295	{380, 49, 393, 179, 810}
1296	{625, 487, 76, 413, 895}
1297	{392, 601, 98, 60, 140}
1298	{871, 740, 780, 567, 332}
1299	{337, 835, 803, 310, 167}
1300	{672, 697, 918, 765, 942}
1301	{744, 225, 116, 768, 623}
1302	{123, 737, 666, 731, 121}
1303	{418, 809, 666, 861, 127}
1304	{806, 38, 888, 245, 398}
1305	{456, 557, 805, 741, 870}
1306	{722, 378, 787, 166, 87}
1307	{175, 555, 613, 102, 711}
1308	{784, 858, 578, 692, 341}
1309	{248, 204, 349, 789, 142}
1310	{417, 201, 818, 371, 775}
1311	{864, 170, 259, 100, 632}
1312	{3, 170, 374, 548, 822}
1313	{520, 66, 765, 590, 262}
1314	{897, 499, 116, 726, 78}
1315	{697, 418, 444, 93, 230}
1316	{288, 555, 323, 795, 766}
1317	{769, 122, 631, 189, 319}
1318	{368, 592, 637, 160, 351}
1319	{935, 666, 539, 340, 415}
1320	{136, 314, 288, 564, 880}
1321	{691, 235, 923, 933, 471}
1322	{142, 201, 795, 327, 663}
1323	{2, 563, 931, 354, 195}
1324	{817, 514, 735, 412, 407}
1325	{116, 169, 643, 252, 783}
1326	{720, 145, 32, 754, 652}
1327	{719, 443, 36, 7, 759}
1328	{282, 308, 578, 638, 151}
1329	{505, 99, 117, 382, 23}
1330	{113, 690, 861, 228, 34}
1331	{248, 682, 299, 342, 440}
1332	{627, 419, 404, 685, 727}
1333	{904, 249, 370, 316, 658}
1334	{371, 273, 642, 875, 853}
1335	{728, 1, 149, 873, 735}
1336	{161, 826, 843, 236, 110}
1337	{630, 723, 149, 195, 87}
1338	{672, 74, 716, 277, 79}
1339	{704, 314, 759, 204, 191}
1340	{619, 50, 83, 868, 549}
1341	{602, 386, 347, 45, 175}
1342	{17, 821, 901, 382, 487}
1343	{294, 921, 172, 749, 229}
1344	{834, 113, 506, 921, 469}
1345	{705, 370, 92, 332, 340}
1346	{391, 172, 692, 103, 743}
1347	{16, 504, 13, 438, 7}
1348	{673, 102, 70, 614, 7}
1349	{384, 81, 666, 811, 372}
1350	{710, 428, 198, 534, 583}
1351	{56, 239, 311, 558, 231}
1352	{577, 306, 821, 781, 615}
1353	{313, 562, 315, 295, 143}
1354	{16, 905, 426, 812, 33}
1355	{448, 533, 125, 221, 149}
1356	{600, 504, 568, 678, 663}
1357	{705, 642, 689, 837, 569}
1358	{256, 5, 530, 299, 109}
1359	{545, 75, 115, 684, 455}
1360	{255, 876, 445, 574, 502}
1361	{64, 622, 307, 94, 22}
1362	{265, 194, 315, 862, 247}
1363	{465, 450, 684, 458, 47}
1364	{96, 113, 676, 828, 886}
1365	{674, 234, 762, 734, 103}
1366	{67, 103, 694, 494, 135}
1367	{786, 2, 860, 510, 679}
1368	{368, 809, 676, 916, 553}
1369	{336, 683, 915, 877, 316}
1370	{128, 307, 843, 685, 23}
1371	{734, 301, 93, 254, 935}
1372	{264, 265, 410, 301, 278}
1373	{122, 494, 589, 670, 503}
1374	{89, 629, 461, 606, 863}
1375	{717, 402, 869, 534, 701}
1376	{664, 18, 455, 678, 919}
1377	{264, 649, 923, 709, 309}
1378	{184, 865, 835, 387, 638}
1379	{816, 610, 939, 781, 879}
1380	{672, 788, 85, 614, 31}
1381	{784, 705, 770, 858, 607}
1382	{676, 442, 460, 596, 410}
1383	{904, 568, 138, 931, 423}
1384	{811, 611, 395, 37, 569}
1385	{859, 218, 10, 691, 822}
1386	{96, 711, 61, 806, 815}
1387	{859, 99, 668, 701, 783}
1388	{224, 450, 789, 845, 610}
1389	{624, 786, 83, 261, 192}
1390	{920, 762, 828, 4, 190}
1391	{508, 373, 316, 92, 7}
1392	{440, 598, 170, 258, 830}
1393	{626, 613, 405, 262, 671}
1394	{329, 657, 803, 182, 855}
1395	{888, 218, 894, 237, 358}
1396	{232, 129, 914, 675, 624}
1397	{892, 818, 444, 327, 319}
1398	{664, 878, 507, 734, 214}
1399	{592, 753, 891, 131, 273}
1400	{632, 272, 234, 732, 116}
1401	{688, 737, 9, 574, 639}
1402	{401, 409, 676, 885, 391}
1403	{40, 848, 347, 894, 935}
1404	{224, 73, 378, 539, 407}
1405	{328, 18, 908, 260, 14}
1406	{505, 402, 667, 646, 609}
1407	{488, 521, 154, 52, 377}
1408	{453, 393, 478, 273, 623}
1409	{792, 473, 90, 249, 106}
1410	{426, 315, 644, 484, 487}
1411	{208, 937, 587, 667, 422}
1412	{867, 555, 811, 217, 293}
1413	{498, 723, 557, 270, 526}
1414	{249, 737, 428, 693, 694}
1415	{272, 584, 387, 860, 158}
1416	{135, 219, 676, 269, 871}
1417	{266, 482, 444, 691, 154}
1418	{904, 390, 828, 765, 782}
1419	{663, 674, 754, 212, 175}
1420	{145, 594, 603, 644, 773}
1421	{472, 3, 712, 277, 855}
1422	{912, 794, 260, 290, 936}
1423	{385, 738, 468, 877, 943}
1424	{868, 553, 883, 316, 704}
1425	{664, 865, 19, 44, 206}
1426	{216, 306, 541, 598, 672}
1427	{848, 83, 527, 150, 767}
1428	{320, 232, 940, 661, 127}
1429	{378, 589, 437, 118, 719}
1430	{937, 202, 211, 492, 301}
1431	{848, 761, 32, 772, 661}
1432	{864, 371, 549, 326, 47}
1433	{232, 481, 282, 716, 713}
1434	{424, 242, 875, 392, 63}
1435	{705, 267, 931, 838, 227}
1436	{536, 145, 676, 376, 103}
1437	{744, 237, 629, 37, 695}
1438	{873, 326, 765, 638, 167}
1439	{27, 609, 235, 756, 265}
1440	{184, 80, 592, 940, 439}
1441	{633, 738, 155, 421, 863}
1442	{299, 314, 547, 588, 122}
1443	{664, 931, 564, 133, 711}
1444	{931, 892, 427, 351, 663}
1445	{601, 479, 28, 789, 49}
1446	{735, 18, 165, 583, 351}
1447	{160, 701, 12, 117, 607}
1448	{275, 778, 101, 508, 237}
1449	{745, 347, 835, 46, 569}
1450	{106, 379, 381, 606, 127}
1451	{770, 579, 557, 638, 639}
1452	{290, 860, 621, 870, 687}
1453	{824, 568, 163, 438, 106}
1454	{18, 515, 156, 398, 647}
1455	{225, 474, 85, 853, 478}
1456	{13, 317, 916, 133, 7}
1457	{272, 154, 770, 187, 751}
1458	{232, 923, 324, 896, 685}
1459	{584, 161, 924, 149, 79}
1460	{396, 18, 803, 428, 397}
1461	{673, 514, 553, 461, 239}
1462	{410, 131, 612, 413, 479}
1463	{632, 843, 661, 478, 31}
1464	{211, 156, 805, 174, 863}
1465	{168, 905, 357, 268, 261}
1466	{840, 914, 872, 128, 655}
1467	{432, 651, 876, 614, 254}
1468	{715, 252, 387, 430, 503}
1469	{272, 761, 739, 753, 567}
1470	{168, 514, 98, 126, 671}
1471	{178, 211, 253, 190, 775}
1472	{449, 635, 268, 325, 647}
1473	{940, 11, 676, 549, 459}
1474	{29, 271, 173, 606, 727}
1475	{384, 495, 68, 798, 911}
1476	{600, 489, 611, 469, 191}
1477	{192, 223, 85, 726, 181}
1478	{800, 799, 789, 614, 943}
1479	{674, 241, 223, 177, 33}
1480	{48, 251, 389, 653, 7}
1481	{841, 90, 123, 286, 94}
1482	{504, 143, 748, 855, 511}
1483	{889, 378, 697, 357, 471}
1484	{216, 705, 258, 749, 545}
1485	{751, 187, 700, 814, 343}
1486	{458, 355, 708, 893, 686}
1487	{304, 811, 643, 838, 168}
1488	{329, 937, 322, 139, 478}
1489	{40, 314, 787, 818, 432}
1490	{121, 44, 95, 758, 447}
1491	{512, 531, 404, 244, 262}
1492	{697, 377, 378, 315, 117}
1493	{376, 747, 373, 94, 855}
1494	{606, 21, 781, 838, 113}
1495	{760, 275, 372, 813, 743}
1496	{768, 481, 410, 203, 502}
1497	{168, 178, 74, 341, 130}
1498	{553, 929, 172, 934, 811}
1499	{24, 49, 851, 259, 206}
1500	{64, 233, 322, 492, 84}
1501	{160, 649, 211, 508, 757}
1502	{680, 530, 292, 357, 348}
1503	{912, 73, 131, 820, 431}
1504	{784, 505, 466, 395, 134}
1505	{369, 810, 676, 837, 812}
1506	{449, 75, 37, 373, 63}
1507	{328, 714, 315, 306, 524}
1508	{8, 749, 523, 189, 543}
1509	{65, 474, 283, 886, 335}
1510	{294, 800, 654, 596, 478}
1511	{183, 685, 375, 181, 831}
1512	{558, 521, 789, 86, 590}
1513	{512, 138, 275, 244, 459}
1514	{857, 9, 314, 524, 292}
1515	{768, 196, 268, 765, 895}
1516	{927, 431, 700, 101, 263}
1517	{424, 353, 364, 733, 148}
1518	{561, 878, 745, 9, 703}
1519	{275, 897, 387, 131, 301}
1520	{25, 298, 708, 589, 551}
1521	{457, 106, 483, 51, 719}
1522	{793, 682, 787, 164, 509}
1523	{9, 177, 380, 37, 140}
1524	{664, 281, 202, 788, 633}
1525	{153, 626, 716, 492, 438}
1526	{811, 906, 131, 716, 303}
1527	{658, 515, 100, 701, 44}
1528	{8, 805, 396, 629, 76}
1529	{537, 210, 154, 70, 855}
1530	{9, 506, 317, 284, 533}
1531	{163, 187, 460, 109, 195}
1532	{671, 674, 174, 326, 343}
1533	{870, 281, 74, 891, 374}
1534	{265, 315, 148, 742, 262}
1535	{464, 41, 581, 17, 943}
1536	{176, 266, 756, 268, 214}
1537	{24, 756, 128, 150, 767}
1538	{80, 73, 836, 182, 790}
1539	{466, 44, 485, 925, 311}
1540	{824, 793, 410, 742, 257}
1541	{150, 172, 308, 564, 31}
1542	{896, 162, 667, 5, 943}
1543	{864, 441, 341, 596, 13}
1544	{824, 369, 346, 377, 839}
1545	{784, 732, 620, 525, 870}
1546	{920, 793, 657, 716, 927}
1547	{796, 700, 292, 197, 68}
1548	{640, 781, 564, 373, 942}
1549	{458, 298, 251, 525, 190}
1550	{382, 587, 660, 20, 326}
1551	{648, 577, 539, 684, 774}
1552	{339, 587, 301, 558, 615}
1553	{472, 482, 659, 222, 583}
1554	{192, 25, 18, 665, 366}
1555	{752, 593, 450, 382, 854}
1556	{321, 811, 147, 430, 246}
1557	{904, 425, 705, 444, 517}
1558	{922, 203, 235, 319, 183}
1559	{464, 113, 541, 302, 81}
1560	{120, 793, 579, 675, 505}
1561	{120, 689, 770, 622, 246}
1562	{769, 290, 929, 868, 251}
1563	{356, 772, 510, 910, 262}
1564	{200, 473, 442, 616, 63}
1565	{334, 250, 811, 549, 742}
1566	{18, 123, 20, 359, 151}
1567	{360, 657, 426, 557, 254}
1568	{464, 929, 676, 412, 854}
1569	{89, 298, 373, 276, 508}
1570	{305, 659, 899, 374, 211}
1571	{488, 450, 122, 167, 615}
1572	{528, 9, 499, 174, 654}
1573	{160, 802, 552, 125, 122}
1574	{632, 17, 155, 940, 53}
1575	{545, 171, 852, 509, 862}
1576	{320, 850, 579, 620, 375}
1577	{825, 843, 417, 301, 550}
1578	{9, 610, 586, 838, 679}
1579	{402, 190, 213, 238, 15}
1580	{616, 802, 67, 198, 751}
1581	{64, 93, 813, 14, 591}
1582	{8, 878, 555, 612, 820}
1583	{266, 422, 773, 806, 695}
1584	{593, 282, 115, 468, 341}
1585	{939, 451, 405, 198, 655}
1586	{867, 234, 683, 772, 423}
1587	{922, 786, 844, 570, 286}
1588	{297, 658, 276, 942, 919}
1589	{590, 786, 756, 134, 854}
1590	{328, 850, 36, 653, 14}
1591	{153, 466, 517, 430, 410}
1592	{584, 41, 941, 590, 207}
1593	{347, 907, 298, 317, 607}
1594	{464, 291, 493, 254, 615}
1595	{784, 567, 917, 406, 456}
1596	{229, 706, 741, 886, 671}
1597	{781, 403, 716, 453, 207}
1598	{379, 552, 323, 659, 358}
1599	{173, 284, 780, 438, 295}
1600	{372, 878, 268, 893, 534}
1601	{371, 24, 155, 934, 142}
1602	{617, 471, 165, 558, 135}
1603	{424, 107, 643, 844, 220}
1604	{424, 761, 163, 470, 302}
1605	{695, 813, 740, 69, 807}
1606	{291, 10, 43, 725, 370}
1607	{232, 618, 786, 586, 14}
1608	{680, 846, 509, 470, 709}
1609	{304, 75, 236, 804, 631}
1610	{904, 321, 428, 805, 846}
1611	{145, 218, 331, 300, 837}
1612	{509, 820, 709, 606, 487}
1613	{912, 823, 43, 37, 719}
1614	{784, 754, 451, 814, 255}
1615	{808, 455, 347, 830, 719}
1616	{324, 356, 245, 126, 303}
1617	{938, 346, 515, 42, 154}
1618	{521, 194, 829, 486, 7}
1619	{400, 481, 619, 30, 670}
1620	{528, 915, 749, 942, 703}
1621	{465, 482, 724, 236, 437}
1622	{841, 34, 388, 685, 471}
1623	{344, 641, 418, 398, 94}
1624	{344, 89, 283, 524, 728}
1625	{326, 341, 700, 629, 102}
1626	{297, 471, 940, 230, 23}
1627	{501, 546, 564, 357, 138}
1628	{624, 217, 856, 166, 550}
1629	{152, 256, 118, 324, 318}
1630	{504, 81, 611, 340, 584}
1631	{425, 82, 111, 513, 199}
1632	{136, 256, 923, 376, 731}
1633	{56, 321, 426, 589, 422}
1634	{544, 921, 344, 881, 841}
1635	{312, 674, 427, 598, 343}
1636	{929, 789, 539, 908, 524}
1637	{656, 469, 880, 189, 142}
1638	{449, 404, 15, 564, 599}
1639	{505, 794, 828, 517, 149}
1640	{42, 732, 629, 494, 439}
1641	{257, 586, 923, 390, 555}
1642	{511, 265, 235, 784, 295}
1643	{705, 851, 771, 381, 775}
1644	{681, 83, 636, 237, 78}
1645	{744, 403, 300, 325, 894}
1646	{377, 298, 356, 110, 825}
1647	{897, 435, 460, 341, 111}
1648	{89, 162, 931, 45, 466}
1649	{466, 406, 764, 85, 812}
1650	{488, 146, 67, 350, 127}
1651	{872, 910, 715, 405, 566}
1652	{280, 752, 634, 75, 844}
1653	{452, 875, 859, 708, 236}
1654	{862, 497, 636, 821, 294}
1655	{672, 476, 765, 702, 423}
1656	{450, 810, 403, 559, 41}
1657	{536, 488, 930, 122, 416}
1658	{48, 553, 866, 244, 679}
1659	{904, 762, 816, 333, 318}
1660	{415, 161, 698, 307, 767}
1661	{517, 288, 699, 483, 229}
1662	{614, 375, 853, 158, 79}
1663	{240, 121, 211, 708, 340}
1664	{662, 217, 355, 60, 846}
1665	{482, 34, 116, 346, 838}
1666	{809, 817, 481, 389, 415}
1667	{884, 112, 596, 357, 71}
1668	{582, 684, 149, 782, 44}
1669	{441, 227, 261, 847, 831}
1670	{145, 242, 274, 860, 317}
1671	{778, 660, 260, 94, 52}
1672	{722, 187, 124, 917, 758}
1673	{761, 202, 799, 534, 567}
1674	{102, 171, 895, 278, 775}
1675	{190, 892, 125, 70, 383}
1676	{9, 532, 349, 583, 471}
1677	{409, 778, 36, 150, 63}
1678	{175, 420, 492, 342, 486}
1679	{884, 842, 892, 726, 375}
1680	{725, 441, 234, 84, 645}
1681	{33, 818, 187, 404, 727}
1682	{513, 371, 740, 774, 903}
1683	{424, 275, 583, 86, 510}
1684	{457, 683, 203, 293, 326}
1685	{204, 860, 741, 222, 127}
1686	{416, 489, 394, 436, 132}
1687	{584, 482, 276, 570, 567}
1688	{107, 1, 568, 363, 102}
1689	{672, 282, 460, 190, 6}
1690	{730, 538, 42, 221, 870}
1691	{72, 706, 84, 253, 55}
1692	{320, 164, 453, 710, 727}
1693	{453, 330, 109, 114, 415}
1694	{41, 21, 668, 573, 909}
1695	{662, 415, 571, 542, 211}
1696	{892, 345, 26, 572, 895}
1697	{88, 761, 570, 139, 806}
1698	{424, 676, 43, 460, 791}
1699	{864, 851, 469, 582, 47}
1700	{130, 859, 500, 862, 527}
1701	{80, 385, 26, 5, 789}
1702	{888, 65, 141, 485, 294}
1703	{229, 434, 756, 925, 318}
1704	{922, 75, 116, 381, 855}
1705	{671, 58, 219, 928, 407}
1706	{736, 489, 282, 468, 423}
1707	{513, 108, 653, 310, 189}
1708	{32, 612, 436, 364, 439}
1709	{64, 294, 117, 390, 183}
1710	{612, 412, 252, 934, 886}
1711	{832, 536, 649, 729, 583}
1712	{537, 652, 477, 485, 719}
1713	{344, 870, 52, 653, 502}
1714	{234, 540, 909, 142, 367}
1715	{417, 98, 347, 201, 297}
1716	{129, 138, 721, 301, 542}
1717	{641, 274, 852, 33, 383}
1718	{137, 853, 355, 332, 756}
1719	{97, 882, 526, 502, 527}
1720	{816, 98, 471, 173, 415}
1721	{464, 458, 636, 326, 860}
1722	{680, 24, 505, 854, 591}
1723	{296, 505, 695, 670, 216}
1724	{921, 866, 382, 334, 151}
1725	{321, 922, 425, 676, 846}
1726	{619, 418, 363, 756, 606}
1727	{904, 889, 114, 614, 495}
1728	{32, 681, 761, 694, 448}
1729	{56, 779, 428, 301, 759}
1730	{377, 538, 382, 446, 622}
1731	{172, 426, 659, 52, 574}
1732	{616, 801, 557, 229, 703}
1733	{545, 490, 691, 598, 639}
1734	{158, 577, 642, 75, 474}
1735	{377, 452, 189, 206, 383}
1736	{912, 433, 250, 756, 105}
1737	{217, 402, 639, 205, 943}
1738	{801, 802, 243, 537, 407}
1739	{649, 650, 347, 621, 814}
1740	{70, 84, 493, 238, 22}
1741	{825, 515, 313, 102, 423}
1742	{285, 2, 563, 290, 29}
1743	{664, 628, 367, 150, 631}
1744	{640, 129, 66, 889, 782}
1745	{563, 923, 756, 413, 41}
1746	{64, 673, 907, 328, 561}
1747	{249, 895, 753, 25, 727}
1748	{400, 417, 307, 853, 846}
1749	{816, 121, 666, 835, 454}
1750	{184, 762, 2, 344, 375}
1751	{205, 666, 220, 84, 885}
1752	{784, 619, 76, 643, 44}
1753	{241, 642, 662, 894, 798}
1754	{440, 382, 836, 918, 167}
1755	{312, 49, 185, 757, 630}
1756	{800, 82, 108, 13, 462}
1757	{280, 769, 883, 828, 534}
1758	{48, 206, 829, 302, 703}
1759	{768, 786, 880, 74, 886}
1760	{827, 309, 172, 301, 245}
1761	{72, 673, 260, 421, 17}
1762	{185, 627, 884, 405, 519}
1763	{889, 850, 543, 66, 399}
1764	{80, 305, 871, 105, 927}
1765	{902, 739, 492, 87, 551}
1766	{501, 770, 811, 260, 941}
1767	{10, 827, 460, 205, 103}
1768	{496, 441, 179, 452, 670}
1769	{648, 56, 495, 95, 39}
1770	{911, 25, 493, 566, 783}
1771	{368, 449, 7, 701, 647}
1772	{624, 565, 540, 198, 62}
1773	{328, 414, 772, 36, 407}
1774	{328, 692, 758, 742, 335}
1775	{415, 585, 700, 45, 375}
1776	{745, 22, 173, 521, 375}
1777	{840, 618, 708, 286, 14}
1778	{584, 843, 315, 453, 375}
1779	{366, 371, 277, 335, 191}
1780	{193, 697, 644, 117, 166}
1781	{152, 862, 826, 350, 919}
1782	{265, 394, 907, 309, 694}
1783	{753, 298, 269, 789, 526}
1784	{537, 755, 789, 459, 231}
1785	{852, 316, 885, 350, 599}
1786	{322, 340, 933, 397, 55}
1787	{585, 906, 571, 340, 492}
1788	{536, 737, 26, 110, 815}
1789	{357, 828, 23, 934, 455}
1790	{424, 818, 298, 693, 358}
1791	{275, 794, 259, 916, 838}
1792	{384, 843, 861, 646, 47}
1793	{310, 676, 428, 694, 855}
1794	{418, 218, 547, 612, 334}
1795	{224, 281, 882, 834, 279}
1796	{867, 620, 493, 542, 727}
1797	{32, 337, 139, 604, 222}
1798	{384, 213, 913, 726, 630}
1799	{633, 283, 92, 126, 191}
1800	{769, 26, 542, 334, 521}
1801	{872, 232, 871, 292, 335}
1802	{719, 735, 845, 166, 925}
1803	{873, 142, 931, 342, 669}
1804	{448, 209, 515, 14, 191}
1805	{808, 582, 314, 713, 270}
1806	{56, 89, 694, 920, 174}
1807	{385, 634, 268, 839, 887}
1808	{337, 794, 484, 301, 253}
1809	{824, 601, 499, 203, 495}
1810	{240, 561, 291, 612, 127}
1811	{752, 68, 45, 556, 133}
1812	{134, 403, 871, 742, 335}
1813	{608, 458, 780, 437, 712}
1814	{832, 41, 80, 589, 679}
1815	{822, 466, 268, 858, 572}
1816	{329, 58, 35, 884, 722}
1817	{630, 42, 805, 69, 790}
1818	{592, 528, 924, 877, 222}
1819	{640, 154, 492, 101, 278}
1820	{217, 532, 349, 806, 113}
1821	{690, 507, 652, 501, 925}
1822	{266, 564, 165, 634, 87}
1823	{297, 138, 675, 230, 502}
1824	{920, 282, 888, 62, 591}
1825	{606, 364, 617, 414, 17}
1826	{344, 921, 860, 390, 247}
1827	{144, 770, 172, 478, 470}
1828	{77, 716, 236, 110, 895}
1829	{106, 551, 148, 525, 31}
1830	{531, 924, 75, 908, 260}
1831	{848, 17, 363, 484, 799}
1832	{97, 802, 771, 44, 899}
1833	{472, 420, 182, 389, 254}
1834	{667, 301, 628, 797, 582}
1835	{461, 321, 21, 709, 189}
1836	{840, 699, 532, 86, 519}
1837	{832, 792, 220, 36, 335}
1838	{176, 417, 58, 172, 354}
1839	{461, 905, 107, 597, 295}
1840	{840, 609, 458, 163, 472}
1841	{256, 457, 924, 653, 7}
1842	{391, 161, 258, 125, 255}
1843	{65, 359, 287, 521, 919}
1844	{504, 545, 17, 582, 439}
1845	{551, 610, 275, 501, 799}
1846	{329, 170, 819, 29, 677}
1847	{656, 570, 546, 352, 914}
1848	{456, 447, 34, 460, 575}
1849	{480, 138, 552, 733, 375}
1850	{162, 539, 131, 685, 15}
1851	{112, 289, 568, 867, 942}
1852	{872, 906, 320, 616, 686}
1853	{425, 509, 517, 270, 903}
1854	{392, 817, 797, 694, 135}
1855	{339, 148, 797, 350, 295}
1856	{840, 105, 639, 823, 545}
1857	{816, 35, 101, 790, 6}
1858	{896, 786, 843, 75, 821}
1859	{344, 663, 131, 566, 127}
1860	{456, 73, 296, 779, 281}
1861	{304, 307, 635, 876, 564}
1862	{872, 738, 12, 772, 326}
1863	{632, 767, 419, 549, 623}
1864	{297, 357, 812, 53, 47}
1865	{424, 393, 414, 70, 160}
1866	{73, 90, 93, 613, 332}
1867	{938, 851, 852, 38, 455}
1868	{921, 155, 172, 573, 483}
1869	{840, 323, 941, 94, 255}
1870	{504, 554, 683, 908, 271}
1871	{889, 727, 767, 246, 862}
1872	{281, 210, 52, 150, 812}
1873	{208, 106, 228, 656, 295}
1874	{752, 521, 675, 685, 344}
1875	{522, 99, 628, 629, 715}
1876	{417, 942, 812, 245, 668}
1877	{784, 937, 796, 225, 561}
1878	{864, 897, 300, 614, 862}
1879	{33, 646, 476, 789, 556}
1880	{824, 289, 469, 718, 247}
1881	{56, 382, 538, 756, 278}
1882	{356, 305, 500, 241, 918}
1883	{384, 890, 283, 888, 66}
1884	{408, 162, 347, 750, 719}
1885	{456, 473, 763, 62, 471}
1886	{441, 188, 228, 702, 623}
1887	{306, 619, 252, 46, 583}
1888	{24, 423, 330, 28, 95}
1889	{441, 514, 667, 574, 807}
1890	{854, 287, 677, 790, 703}
1891	{768, 169, 458, 228, 590}
1892	{344, 73, 418, 75, 94}
1893	{749, 468, 68, 469, 726}
1894	{137, 642, 221, 758, 370}
1895	{601, 634, 299, 301, 343}
1896	{258, 770, 283, 429, 359}
1897	{434, 622, 660, 829, 926}
1898	{213, 789, 810, 900, 565}
1899	{104, 353, 516, 149, 534}
1900	{96, 225, 155, 854, 177}
1901	{794, 607, 925, 150, 882}
1902	{912, 833, 468, 710, 519}
1903	{249, 252, 278, 798, 487}
1904	{297, 186, 667, 932, 925}
1905	{104, 635, 331, 939, 707}
1906	{808, 362, 844, 894, 655}
1907	{832, 82, 462, 928, 151}
1908	{80, 197, 933, 253, 799}
1909	{54, 833, 417, 837, 654}
1910	{472, 713, 69, 332, 225}
1911	{753, 842, 779, 578, 847}
1912	{846, 267, 430, 902, 511}
1913	{577, 138, 11, 554, 205}
1914	{328, 426, 212, 34, 402}
1915	{608, 129, 874, 363, 884}
1916	{538, 162, 611, 74, 70}
1917	{720, 850, 444, 661, 36}
1918	{81, 798, 517, 6, 817}
1919	{864, 626, 612, 685, 550}
1920	{208, 369, 754, 384, 549}
1921	{185, 68, 733, 366, 127}
1922	{822, 282, 69, 333, 814}
1923	{536, 676, 355, 588, 366}
1924	{785, 226, 859, 756, 581}
1925	{240, 59, 53, 684, 229}
1926	{881, 673, 196, 449, 639}
1927	{136, 137, 778, 755, 655}
1928	{217, 618, 50, 93, 374}
1929	{41, 387, 604, 749, 909}
1930	{170, 569, 666, 794, 813}
1931	{833, 97, 322, 557, 655}
1932	{456, 73, 235, 605, 493}
1933	{744, 800, 643, 261, 510}
1934	{528, 210, 498, 818, 239}
1935	{585, 643, 598, 886, 151}
1936	{96, 419, 796, 406, 424}
1937	{665, 683, 589, 785, 239}
1938	{89, 807, 269, 598, 847}
1939	{290, 595, 356, 126, 119}
1940	{321, 489, 829, 485, 39}
1941	{466, 650, 765, 174, 119}
1942	{490, 530, 76, 789, 743}
1943	{168, 296, 82, 118, 79}
1944	{43, 276, 221, 662, 335}
1945	{603, 68, 543, 686, 423}
1946	{544, 874, 291, 637, 715}
1947	{272, 225, 619, 932, 61}
1948	{538, 563, 196, 846, 903}
1949	{462, 524, 807, 638, 246}
1950	{377, 650, 579, 659, 898}
1951	{426, 444, 220, 276, 591}
1952	{857, 618, 171, 325, 526}
1953	{665, 285, 441, 485, 214}
1954	{180, 99, 204, 165, 278}
1955	{425, 130, 332, 541, 223}
1956	{620, 606, 194, 412, 270}
1957	{192, 757, 829, 797, 358}
1958	{96, 145, 890, 195, 236}
1959	{362, 230, 103, 502, 790}
1960	{472, 811, 877, 397, 567}
1961	{770, 762, 676, 42, 278}
1962	{489, 474, 614, 300, 902}
1963	{431, 115, 28, 598, 191}
1964	{191, 34, 93, 117, 71}
1965	{544, 812, 85, 583, 447}
1966	{761, 481, 753, 929, 29}
1967	{721, 142, 844, 772, 318}
1968	{352, 833, 214, 565, 678}
1969	{330, 395, 540, 326, 575}
1970	{288, 513, 540, 694, 704}
1971	{112, 881, 595, 892, 774}
1972	{361, 882, 111, 102, 854}
1973	{294, 57, 803, 20, 94}
1974	{890, 740, 47, 634, 279}
1975	{448, 481, 235, 345, 283}
1976	{768, 313, 67, 525, 87}
1977	{355, 467, 532, 638, 351}
1978	{315, 426, 579, 214, 483}
1979	{511, 794, 507, 314, 799}
1980	{736, 868, 180, 597, 638}
1981	{544, 569, 499, 205, 383}
1982	{424, 277, 204, 573, 47}
1983	{401, 403, 76, 477, 181}
1984	{138, 539, 548, 277, 598}
1985	{80, 894, 886, 708, 118}
1986	{137, 649, 573, 381, 278}
1987	{622, 932, 525, 830, 783}
1988	{432, 772, 500, 940, 549}
1989	{752, 929, 491, 812, 849}
1990	{209, 379, 729, 421, 583}
1991	{244, 587, 731, 836, 357}
1992	{825, 738, 346, 890, 687}
1993	{415, 401, 106, 711, 759}
1994	{417, 827, 37, 214, 311}
1995	{673, 467, 705, 233, 281}
1996	{401, 761, 179, 44, 373}
1997	{17, 595, 716, 381, 359}
1998	{48, 681, 170, 581, 197}
1999	{713, 106, 59, 411, 93}
2000	{24, 801, 611, 781, 279}
2001	{57, 748, 917, 62, 319}
2002	{656, 423, 149, 670, 742}
2003	{329, 513, 810, 909, 502}
2004	{91, 521, 362, 723, 137}
2005	{56, 214, 188, 141, 726}
2006	{498, 401, 698, 929, 670}
2007	{801, 58, 807, 910, 183}
2008	{380, 916, 885, 742, 735}
2009	{161, 42, 411, 780, 521}
2010	{489, 923, 131, 931, 302}
2011	{392, 801, 546, 538, 120}
2012	{688, 585, 803, 465, 157}
2013	{520, 265, 491, 204, 566}
2014	{688, 321, 499, 20, 500}
2015	{704, 650, 147, 782, 278}
2016	{466, 650, 309, 844, 741}
2017	{347, 611, 772, 295, 351}
2018	{616, 671, 805, 350, 503}
2019	{409, 714, 35, 876, 711}
2020	{893, 524, 773, 618, 327}
2021	{96, 293, 875, 836, 485}
2022	{145, 503, 861, 574, 367}
2023	{264, 881, 637, 529, 111}
2024	{881, 115, 31, 453, 735}
2025	{404, 178, 755, 164, 863}
2026	{558, 665, 738, 806, 494}
2027	{130, 759, 125, 758, 445}
2028	{135, 848, 871, 749, 383}
2029	{380, 41, 180, 301, 582}
2030	{169, 570, 692, 597, 327}
2031	{72, 808, 803, 20, 293}
2032	{224, 628, 665, 660, 181}
2033	{398, 795, 639, 262, 711}
2034	{705, 76, 941, 838, 191}
2035	{648, 493, 314, 749, 462}
2036	{376, 315, 139, 366, 831}
2037	{401, 258, 269, 423, 647}
2038	{80, 232, 746, 378, 855}
2039	{392, 75, 883, 632, 365}
2040	{296, 203, 716, 677, 102}
2041	{47, 612, 701, 462, 278}
2042	{73, 940, 285, 335, 575}
2043	{8, 801, 872, 376, 337}
2044	{515, 578, 779, 724, 286}
2045	{712, 867, 140, 414, 68}
2046	{45, 938, 931, 573, 887}
2047	{481, 402, 498, 332, 205}
2048	{716, 1, 787, 100, 919}
2049	{120, 499, 732, 517, 511}
2050	{296, 924, 220, 102, 876}
2051	{897, 506, 867, 316, 677}
2052	{153, 883, 148, 351, 231}
2053	{897, 702, 740, 886, 919}
2054	{448, 629, 21, 438, 639}
2055	{776, 658, 235, 430, 543}
2056	{683, 363, 699, 718, 127}
2057	{920, 396, 388, 332, 415}
2058	{264, 929, 330, 123, 278}
2059	{525, 347, 166, 573, 686}
2060	{513, 203, 612, 525, 678}
2061	{785, 404, 445, 310, 263}
2062	{218, 364, 277, 766, 860}
2063	{721, 66, 411, 404, 92}
2064	{280, 139, 934, 118, 351}
2065	{257, 298, 187, 60, 101}
2066	{553, 885, 620, 349, 295}
2067	{168, 904, 611, 812, 253}
2068	{752, 635, 28, 453, 711}
2069	{768, 463, 835, 604, 103}
2070	{363, 19, 916, 197, 526}
2071	{577, 59, 36, 389, 654}
2072	{144, 906, 754, 796, 910}
2073	{665, 388, 934, 302, 535}
2074	{280, 162, 406, 638, 790}
2075	{150, 619, 124, 189, 182}
2076	{816, 474, 612, 550, 415}
2077	{48, 817, 544, 822, 535}
2078	{713, 894, 732, 573, 102}
2079	{380, 924, 803, 148, 76}
2080	{138, 158, 828, 926, 251}
2081	{811, 141, 541, 590, 183}
2082	{256, 609, 370, 508, 263}
2083	{608, 724, 596, 518, 911}
2084	{416, 611, 12, 661, 191}
2085	{37, 907, 815, 934, 271}
2086	{512, 657, 514, 685, 279}
2087	{369, 137, 691, 284, 126}
2088	{513, 813, 13, 718, 237}
2089	{457, 171, 1, 710, 175}
2090	{272, 201, 66, 166, 22}
2091	{345, 67, 164, 935, 463}
2092	{776, 433, 890, 78, 719}
2093	{848, 34, 454, 583, 208}
2094	{903, 874, 603, 301, 135}
2095	{382, 530, 111, 38, 663}
2096	{138, 131, 589, 518, 487}
2097	{873, 10, 571, 812, 255}
2098	{390, 642, 275, 150, 119}
2099	{96, 426, 103, 661, 55}
2100	{864, 512, 451, 45, 390}
2101	{90, 283, 940, 397, 374}
2102	{156, 314, 77, 676, 453}
2103	{876, 363, 940, 203, 348}
2104	{649, 937, 141, 361, 479}
2105	{57, 778, 867, 675, 41}
2106	{800, 470, 821, 606, 391}
2107	{65, 722, 74, 746, 90}
2108	{175, 657, 22, 510, 262}
2109	{656, 67, 508, 28, 598}
2110	{417, 474, 250, 468, 68}
2111	{841, 179, 139, 925, 47}
2112	{826, 123, 500, 750, 127}
2113	{880, 905, 524, 758, 47}
2114	{35, 871, 653, 758, 847}
2115	{841, 401, 559, 814, 879}
2116	{123, 450, 683, 797, 766}
2117	{416, 282, 112, 804, 616}
2118	{552, 729, 449, 644, 798}
2119	{294, 722, 608, 28, 782}
2120	{856, 73, 569, 389, 311}
2121	{664, 336, 66, 67, 375}
2122	{600, 781, 2, 29, 432}
2123	{867, 690, 907, 645, 87}
2124	{911, 859, 891, 93, 223}
2125	{787, 155, 381, 630, 815}
2126	{345, 763, 805, 14, 519}
2127	{401, 627, 908, 87, 831}
2128	{768, 74, 427, 802, 66}
2129	{234, 490, 299, 292, 149}
2130	{730, 325, 612, 260, 534}
2131	{440, 545, 101, 757, 734}
2132	{241, 210, 413, 830, 879}
2133	{840, 935, 590, 254, 855}
2134	{770, 189, 684, 405, 343}
2135	{41, 795, 164, 165, 670}
2136	{112, 805, 245, 270, 735}
2137	{674, 169, 906, 72, 793}
2138	{302, 98, 325, 774, 486}
2139	{75, 81, 362, 795, 109}
2140	{416, 665, 787, 812, 855}
2141	{736, 578, 67, 165, 375}
2142	{816, 730, 802, 755, 198}
2143	{8, 765, 106, 546, 549}
2144	{120, 433, 210, 356, 588}
2145	{393, 492, 620, 877, 591}
2146	{159, 400, 511, 661, 767}
2147	{520, 138, 515, 580, 507}
2148	{465, 474, 219, 742, 571}
2149	{200, 736, 515, 621, 600}
2150	{137, 194, 870, 382, 431}
2151	{504, 345, 242, 123, 215}
2152	{568, 803, 411, 457, 39}
2153	{704, 521, 759, 710, 511}
2154	{24, 334, 253, 830, 86}
2155	{919, 81, 371, 180, 463}
2156	{800, 105, 312, 403, 877}
2157	{795, 751, 668, 54, 343}
2158	{586, 859, 60, 37, 763}
2159	{896, 837, 19, 548, 669}
2160	{672, 831, 23, 925, 911}
2161	{158, 746, 507, 901, 790}
2162	{25, 938, 107, 103, 87}
2163	{256, 305, 69, 198, 79}
2164	{409, 411, 667, 389, 478}
2165	{520, 838, 572, 38, 49}
2166	{148, 51, 131, 839, 879}
2167	{912, 93, 77, 286, 743}
2168	{576, 274, 538, 110, 483}
2169	{922, 764, 517, 413, 535}
2170	{281, 118, 662, 94, 898}
2171	{152, 65, 155, 885, 166}
2172	{776, 466, 612, 406, 807}
2173	{81, 153, 99, 844, 919}
2174	{168, 914, 220, 476, 870}
2175	{523, 536, 199, 234, 815}
2176	{248, 834, 387, 878, 199}
2177	{832, 481, 787, 713, 14}
2178	{465, 365, 233, 881, 429}
2179	{128, 714, 781, 366, 287}
2180	{496, 232, 476, 703, 735}
2181	{805, 659, 804, 357, 36}
2182	{272, 130, 18, 872, 727}
2183	{34, 282, 74, 150, 215}
2184	{854, 142, 564, 193, 134}
2185	{192, 561, 572, 276, 86}
2186	{600, 396, 397, 182, 871}
2187	{856, 312, 859, 870, 742}
2188	{904, 89, 692, 883, 652}
2189	{281, 803, 860, 102, 303}
2190	{584, 553, 228, 740, 216}
2191	{216, 889, 338, 848, 701}
2192	{656, 224, 258, 619, 452}
2193	{441, 665, 287, 789, 543}
2194	{19, 33, 153, 363, 376}
2195	{379, 322, 363, 822, 855}
2196	{769, 386, 147, 468, 173}
2197	{354, 467, 124, 907, 118}
2198	{496, 337, 339, 387, 583}
2199	{232, 513, 212, 694, 774}
2200	{582, 722, 396, 117, 542}
2201	{408, 339, 868, 741, 855}
2202	{692, 194, 867, 292, 941}
2203	{512, 11, 883, 360, 429}
2204	{328, 354, 398, 564, 590}
2205	{416, 194, 738, 246, 431}
2206	{108, 921, 356, 469, 646}
2207	{234, 863, 605, 278, 270}
2208	{97, 730, 372, 508, 132}
2209	{310, 117, 13, 678, 255}
2210	{10, 803, 148, 309, 487}
2211	{329, 313, 754, 507, 867}
2212	{504, 129, 134, 516, 662}
2213	{240, 521, 490, 187, 928}
2214	{112, 131, 111, 327, 783}
2215	{107, 651, 811, 188, 516}
2216	{850, 235, 858, 653, 791}
2217	{213, 265, 765, 206, 113}
2218	{904, 224, 578, 403, 884}
2219	{193, 282, 196, 334, 354}
2220	{360, 809, 92, 101, 173}
2221	{608, 419, 204, 179, 799}
2222	{154, 427, 316, 85, 854}
2223	{655, 139, 781, 438, 467}
2224	{560, 323, 187, 116, 419}
2225	{477, 345, 803, 572, 179}
2226	{665, 249, 661, 502, 157}
2227	{458, 923, 780, 373, 479}
2228	{120, 266, 925, 942, 487}
2229	{506, 124, 733, 126, 839}
2230	{376, 745, 748, 896, 94}
2231	{217, 691, 678, 715, 903}
2232	{432, 234, 482, 166, 534}
2233	{305, 271, 860, 605, 47}
2234	{26, 771, 597, 741, 146}
2235	{314, 269, 789, 116, 781}
2236	{205, 697, 282, 651, 589}
2237	{754, 396, 77, 246, 423}
2238	{320, 185, 231, 489, 335}
2239	{257, 2, 837, 868, 802}
2240	{531, 681, 2, 19, 895}
2241	{552, 740, 493, 374, 55}
2242	{880, 714, 686, 445, 446}
2243	{864, 721, 409, 100, 111}
2244	{56, 900, 829, 302, 7}
2245	{840, 250, 427, 60, 151}
2246	{288, 842, 627, 483, 47}
2247	{393, 226, 473, 141, 743}
2248	{824, 25, 106, 634, 175}
2249	{435, 323, 636, 189, 246}
2250	{193, 178, 804, 654, 431}
2251	{496, 674, 683, 332, 366}
2252	{424, 458, 704, 917, 63}
2253	{448, 489, 93, 118, 383}
2254	{635, 145, 779, 804, 828}
2255	{97, 657, 331, 508, 350}
2256	{426, 434, 156, 453, 511}
2257	{689, 146, 630, 941, 734}
2258	{560, 705, 563, 597, 397}
2259	{722, 611, 349, 459, 839}
2260	{744, 474, 144, 166, 807}
2261	{168, 458, 743, 613, 906}
2262	{656, 658, 293, 294, 407}
2263	{471, 36, 837, 863, 559}
2264	{88, 124, 246, 150, 847}
2265	{472, 417, 794, 109, 62}
2266	{930, 322, 242, 535, 639}
2267	{137, 98, 868, 574, 271}
2268	{187, 428, 709, 454, 703}
2269	{312, 249, 122, 491, 427}
2270	{217, 252, 348, 805, 881}
2271	{671, 468, 676, 271, 903}
2272	{674, 371, 316, 691, 623}
2273	{37, 545, 603, 669, 262}
2274	{250, 654, 300, 821, 126}
2275	{365, 109, 372, 861, 375}
2276	{496, 304, 523, 820, 667}
2277	{635, 345, 459, 155, 625}
2278	{194, 767, 60, 886, 324}
2279	{904, 15, 734, 726, 14}
2280	{400, 833, 298, 299, 149}
2281	{865, 454, 709, 750, 647}
2282	{733, 762, 315, 76, 725}
2283	{897, 746, 35, 852, 817}
2284	{521, 119, 28, 270, 831}
2285	{132, 131, 524, 765, 646}
2286	{167, 699, 253, 343, 263}
2287	{721, 770, 900, 533, 661}
2288	{364, 354, 147, 852, 117}
2289	{537, 471, 748, 525, 943}
2290	{376, 180, 291, 748, 126}
2291	{380, 890, 220, 500, 470}
2292	{784, 57, 546, 748, 350}
2293	{576, 893, 93, 660, 69}
2294	{81, 385, 218, 752, 881}
2295	{16, 78, 178, 318, 846}
2296	{57, 382, 2, 892, 630}
2297	{145, 546, 323, 614, 235}
2298	{213, 250, 522, 29, 294}
2299	{857, 274, 301, 254, 334}
2300	{640, 832, 227, 104, 278}
2301	{425, 634, 188, 868, 163}
2302	{424, 546, 716, 82, 551}
2303	{729, 239, 301, 790, 783}
2304	{409, 929, 84, 614, 79}
2305	{936, 690, 268, 845, 70}
2306	{520, 19, 452, 863, 95}
2307	{371, 635, 771, 862, 207}
2308	{929, 604, 508, 110, 135}
2309	{848, 514, 709, 198, 399}
2310	{265, 682, 737, 381, 63}
2311	{296, 833, 482, 933, 374}
2312	{784, 290, 931, 764, 146}
2313	{647, 425, 153, 124, 359}
2314	{464, 905, 811, 76, 459}
2315	{553, 60, 12, 518, 132}
2316	{272, 328, 315, 772, 405}
2317	{153, 374, 734, 854, 703}
2318	{854, 622, 164, 390, 1}
2319	{417, 596, 766, 678, 47}
2320	{910, 361, 619, 605, 766}
2321	{940, 715, 116, 93, 127}
2322	{593, 393, 395, 139, 471}
2323	{309, 497, 673, 293, 414}
2324	{378, 708, 61, 814, 370}
2325	{864, 417, 875, 404, 70}
2326	{249, 210, 794, 821, 405}
2327	{418, 2, 871, 52, 487}
2328	{452, 410, 724, 444, 599}
2329	{417, 386, 827, 497, 414}
2330	{240, 537, 938, 269, 814}
2331	{49, 706, 347, 365, 671}
2332	{26, 198, 69, 677, 446}
2333	{832, 369, 88, 672, 216}
2334	{787, 320, 898, 123, 855}
2335	{689, 106, 324, 149, 367}
2336	{609, 66, 435, 932, 341}
2337	{633, 50, 161, 575, 199}
2338	{929, 754, 844, 850, 703}
2339	{754, 714, 138, 619, 302}
2340	{433, 410, 498, 44, 241}
2341	{872, 520, 42, 90, 400}
2342	{104, 488, 344, 643, 613}
2343	{255, 679, 714, 91, 703}
2344	{294, 444, 53, 653, 701}
2345	{289, 177, 612, 830, 639}
2346	{577, 825, 277, 293, 415}
2347	{24, 883, 292, 607, 383}
2348	{320, 544, 80, 845, 661}
2349	{832, 593, 44, 229, 622}
2350	{648, 461, 140, 21, 326}
2351	{752, 819, 131, 20, 79}
2352	{712, 83, 323, 540, 640}
2353	{912, 569, 172, 469, 615}
2354	{927, 154, 620, 157, 119}
2355	{680, 66, 805, 454, 255}
2356	{568, 482, 554, 522, 86}
2357	{514, 204, 805, 942, 407}
2358	{128, 154, 67, 188, 211}
2359	{321, 169, 18, 864, 614}
2360	{264, 444, 525, 828, 887}
2361	{129, 521, 418, 754, 146}
2362	{496, 673, 145, 508, 400}
2363	{205, 385, 195, 325, 191}
2364	{416, 601, 475, 828, 518}
2365	{368, 249, 155, 784, 815}
2366	{205, 579, 172, 756, 812}
2367	{352, 659, 519, 725, 751}
2368	{473, 114, 859, 298, 334}
2369	{88, 449, 378, 69, 118}
2370	{745, 411, 852, 807, 183}
2371	{66, 579, 331, 570, 5}
2372	{806, 505, 149, 190, 113}
2373	{137, 282, 373, 454, 782}
2374	{417, 243, 12, 361, 820}
2375	{593, 737, 317, 558, 575}
2376	{496, 898, 708, 871, 567}
2377	{596, 263, 261, 6, 143}
2378	{752, 843, 803, 821, 599}
2379	{81, 154, 828, 277, 68}
2380	{200, 658, 770, 460, 136}
2381	{406, 937, 2, 538, 110}
2382	{98, 747, 900, 629, 855}
2383	{465, 747, 497, 361, 151}
2384	{376, 634, 843, 125, 55}
2385	{96, 857, 490, 141, 871}
2386	{318, 906, 692, 749, 822}
2387	{611, 706, 226, 110, 62}
2388	{770, 75, 668, 317, 898}
2389	{841, 161, 659, 654, 584}
2390	{561, 514, 436, 228, 263}
2391	{183, 146, 13, 742, 831}
2392	{97, 754, 557, 262, 759}
2393	{54, 457, 630, 660, 78}
2394	{904, 474, 522, 740, 604}
2395	{81, 794, 123, 557, 318}
2396	{33, 372, 31, 142, 518}
2397	{536, 802, 403, 716, 135}
2398	{460, 34, 347, 348, 23}
2399	{345, 86, 102, 476, 686}
2400	{19, 236, 717, 350, 447}
2401	{808, 781, 429, 702, 927}
2402	{520, 795, 356, 134, 119}
2403	{912, 625, 508, 399, 295}
2404	{104, 641, 52, 244, 231}
2405	{408, 937, 674, 869, 757}
2406	{407, 698, 380, 301, 439}
2407	{784, 58, 600, 733, 783}
2408	{433, 603, 396, 509, 774}
2409	{56, 627, 91, 501, 799}
2410	{425, 530, 412, 405, 631}
2411	{841, 749, 629, 681, 701}
2412	{744, 297, 940, 20, 831}
2413	{816, 679, 218, 775, 175}
2414	{193, 675, 804, 525, 54}
2415	{258, 450, 531, 156, 751}
2416	{64, 683, 443, 789, 422}
2417	{520, 249, 778, 108, 577}
2418	{221, 617, 306, 669, 416}
2419	{472, 642, 568, 219, 195}
2420	{856, 849, 82, 516, 407}
2421	{720, 711, 242, 432, 495}
2422	{139, 202, 85, 204, 245}
2423	{224, 806, 58, 662, 671}
2424	{584, 921, 188, 564, 567}
2425	{528, 753, 62, 518, 480}
2426	{753, 942, 381, 686, 798}
2427	{472, 801, 730, 532, 807}
2428	{302, 693, 77, 886, 719}
2429	{49, 211, 148, 21, 591}
2430	{216, 386, 236, 374, 167}
2431	{531, 730, 939, 269, 342}
2432	{336, 488, 427, 699, 424}
2433	{86, 92, 55, 6, 247}
2434	{240, 217, 491, 926, 303}
2435	{574, 258, 158, 846, 543}
2436	{550, 234, 323, 892, 292}
2437	{161, 146, 915, 621, 223}
2438	{912, 305, 492, 277, 79}
2439	{688, 797, 421, 874, 719}
2440	{760, 202, 924, 469, 223}
2441	{752, 56, 848, 621, 878}
2442	{814, 290, 411, 942, 936}
2443	{104, 601, 459, 621, 774}
2444	{444, 212, 29, 302, 175}
2445	{490, 516, 556, 45, 941}
2446	{497, 13, 921, 276, 837}
2447	{120, 585, 627, 285, 103}
2448	{10, 515, 508, 298, 943}
2449	{64, 529, 410, 643, 288}
2450	{176, 347, 411, 678, 159}
2451	{769, 931, 44, 804, 84}
2452	{688, 264, 600, 420, 614}
2453	{864, 577, 442, 707, 277}
2454	{851, 705, 146, 587, 598}
2455	{50, 267, 229, 122, 135}
2456	{432, 740, 895, 184, 143}
2457	{891, 921, 858, 867, 774}
2458	{513, 412, 669, 374, 908}
2459	{51, 388, 325, 782, 127}
2460	{168, 80, 74, 675, 782}
2461	{241, 323, 28, 774, 6}
2462	{423, 323, 676, 397, 167}
2463	{808, 399, 692, 654, 727}
2464	{600, 746, 420, 428, 422}
2465	{768, 401, 292, 797, 230}
2466	{172, 244, 7, 46, 15}
2467	{880, 561, 179, 317, 550}
2468	{560, 770, 700, 610, 798}
2469	{101, 617, 738, 643, 229}
2470	{104, 609, 138, 816, 758}
2471	{741, 378, 754, 149, 714}
2472	{305, 885, 691, 180, 260}
2473	{625, 219, 12, 302, 935}
2474	{178, 507, 263, 228, 775}
2475	{135, 504, 730, 131, 815}
2476	{569, 913, 817, 462, 255}
2477	{688, 3, 254, 630, 231}
2478	{144, 88, 756, 349, 446}
2479	{728, 48, 893, 653, 815}
2480	{330, 83, 644, 637, 382}
2481	{753, 210, 51, 156, 23}
2482	{100, 34, 532, 173, 44}
2483	{465, 66, 396, 61, 903}
2484	{387, 644, 484, 54, 503}
2485	{178, 794, 196, 28, 366}
2486	{417, 871, 28, 569, 55}
2487	{442, 274, 499, 773, 39}
2488	{8, 337, 29, 430, 520}
2489	{345, 155, 580, 614, 759}
2490	{632, 850, 110, 588, 30}
2491	{743, 17, 91, 904, 503}
2492	{725, 753, 813, 694, 22}
2493	{72, 393, 778, 899, 419}
2494	{608, 433, 314, 435, 453}
2495	{239, 107, 892, 508, 503}
2496	{608, 867, 283, 189, 599}
2497	{296, 186, 308, 333, 431}
2498	{56, 282, 765, 590, 495}
2499	{344, 621, 765, 646, 712}
2500	{424, 849, 210, 891, 865}
2501	{721, 538, 483, 356, 125}
2502	{360, 281, 770, 132, 663}
2503	{153, 202, 60, 629, 422}
2504	{576, 825, 198, 326, 281}
2505	{840, 169, 92, 670, 383}
2506	{760, 57, 595, 896, 62}
2507	{744, 776, 332, 541, 685}
2508	{663, 520, 307, 373, 919}
2509	{210, 218, 195, 494, 98}
2510	{225, 2, 331, 13, 254}
2511	{577, 255, 884, 375, 199}
2512	{456, 490, 611, 612, 239}
2513	{372, 686, 228, 373, 926}
2514	{842, 787, 659, 493, 423}
2515	{848, 842, 444, 184, 263}
2516	{218, 427, 748, 117, 223}
2517	{152, 514, 595, 77, 823}
2518	{803, 212, 316, 703, 719}
2519	{144, 488, 102, 430, 86}
2520	{841, 267, 813, 382, 167}
2521	{560, 177, 43, 372, 701}
2522	{665, 699, 924, 590, 404}
2523	{323, 410, 411, 236, 439}
2524	{400, 889, 897, 620, 346}
2525	{344, 402, 519, 198, 191}
2526	{239, 531, 190, 878, 927}
2527	{688, 344, 69, 21, 695}
2528	{457, 916, 542, 902, 852}
2529	{713, 572, 678, 292, 783}
2530	{696, 185, 339, 83, 824}
2531	{17, 250, 19, 318, 547}
2532	{760, 409, 875, 661, 437}
2533	{344, 803, 931, 461, 526}
2534	{512, 129, 663, 686, 367}
2535	{442, 827, 570, 379, 740}
2536	{904, 67, 636, 31, 663}
2537	{913, 194, 588, 917, 767}
2538	{672, 417, 563, 94, 863}
2539	{304, 769, 850, 926, 175}
2540	{545, 27, 473, 713, 235}
2541	{777, 226, 19, 476, 237}
2542	{433, 554, 863, 174, 815}
2543	{57, 388, 879, 423, 791}
2544	{664, 695, 501, 518, 655}
2545	{473, 251, 132, 1, 223}
2546	{409, 874, 852, 933, 182}
2547	{376, 345, 187, 478, 270}
2548	{256, 218, 683, 852, 780}
2549	{73, 442, 379, 330, 743}
2550	{746, 486, 429, 890, 799}
2551	{473, 122, 108, 294, 423}
2552	{552, 329, 106, 126, 830}
2553	{841, 753, 818, 830, 480}
2554	{248, 633, 361, 542, 719}
2555	{480, 466, 630, 893, 526}
2556	{136, 582, 80, 733, 166}
2557	{381, 222, 724, 829, 618}
2558	{240, 532, 501, 302, 44}
2559	{793, 530, 835, 28, 285}
2560	{331, 467, 852, 846, 855}
2561	{676, 859, 204, 917, 543}
2562	{82, 615, 941, 74, 631}
2563	{418, 12, 42, 461, 823}
2564	{201, 627, 276, 405, 911}
2565	{80, 463, 28, 13, 935}
2566	{671, 521, 675, 6, 623}
2567	{273, 767, 212, 63, 175}
2568	{920, 612, 775, 814, 727}
2569	{875, 329, 362, 27, 540}
2570	{456, 714, 602, 397, 254}
2571	{889, 754, 219, 452, 533}
2572	{792, 309, 333, 838, 879}
2573	{72, 218, 842, 389, 534}
2574	{338, 642, 942, 390, 351}
2575	{904, 923, 360, 269, 478}
2576	{352, 386, 836, 400, 431}
2577	{226, 218, 738, 156, 750}
2578	{872, 202, 472, 895, 39}
2579	{402, 684, 252, 830, 407}
2580	{745, 635, 565, 14, 399}
2581	{401, 27, 430, 302, 502}
2582	{865, 780, 55, 830, 207}
2583	{321, 202, 387, 716, 781}
2584	{280, 82, 47, 829, 207}
2585	{360, 865, 815, 446, 79}
2586	{601, 107, 831, 286, 231}
2587	{65, 793, 674, 399, 703}
2588	{762, 516, 764, 909, 559}
2589	{90, 75, 716, 830, 559}
2590	{424, 749, 267, 565, 769}
2591	{373, 75, 133, 638, 215}
2592	{825, 641, 406, 436, 142}
2593	{624, 114, 323, 158, 666}
2594	{363, 239, 724, 101, 407}
2595	{296, 561, 450, 293, 181}
2596	{541, 333, 195, 932, 589}
2597	{752, 212, 788, 205, 567}
2598	{910, 330, 747, 462, 491}
2599	{881, 26, 147, 642, 423}
2600	{24, 290, 266, 789, 719}
2601	{809, 385, 75, 116, 414}
2602	{431, 634, 332, 13, 239}
2603	{160, 881, 153, 139, 326}
2604	{695, 747, 461, 438, 287}
2605	{407, 251, 181, 830, 487}
2606	{633, 386, 481, 702, 223}
2607	{776, 280, 465, 669, 654}
2608	{787, 483, 860, 574, 327}
2609	{714, 874, 875, 276, 125}
2610	{529, 129, 836, 869, 412}
2611	{794, 212, 860, 350, 235}
2612	{376, 873, 26, 602, 39}
2613	{601, 257, 610, 818, 647}
2614	{849, 161, 323, 652, 918}
2615	{64, 354, 933, 246, 367}
2616	{81, 505, 140, 37, 783}
2617	{13, 858, 819, 573, 783}
2618	{26, 12, 885, 302, 262}
2619	{178, 58, 406, 764, 646}
2620	{73, 57, 731, 622, 15}
2621	{752, 849, 829, 374, 71}
2622	{528, 623, 429, 62, 311}
2623	{312, 585, 402, 848, 255}
2624	{746, 138, 322, 181, 639}
2625	{498, 523, 396, 879, 394}
2626	{448, 644, 172, 482, 692}
2627	{256, 603, 252, 933, 759}
2628	{824, 682, 333, 462, 511}
2629	{9, 522, 491, 204, 313}
2630	{882, 867, 863, 606, 287}
2631	{528, 233, 84, 525, 863}
2632	{592, 240, 154, 371, 252}
2633	{312, 264, 552, 580, 381}
2634	{25, 36, 637, 14, 273}
2635	{401, 692, 234, 212, 247}
2636	{328, 177, 74, 772, 829}
2637	{488, 89, 355, 908, 28}
2638	{477, 266, 491, 381, 886}
2639	{159, 895, 551, 758, 863}
2640	{392, 57, 358, 710, 350}
2641	{105, 882, 35, 923, 51}
2642	{720, 73, 618, 466, 529}
2643	{256, 753, 451, 492, 736}
2644	{872, 258, 411, 680, 71}
2645	{576, 730, 133, 206, 216}
2646	{848, 828, 133, 414, 308}
2647	{566, 2, 42, 858, 910}
2648	{561, 595, 917, 518, 511}
2649	{632, 865, 260, 326, 936}
2650	{176, 401, 220, 20, 790}
2651	{384, 660, 637, 726, 246}
2652	{177, 689, 322, 563, 729}
2653	{3, 727, 458, 875, 671}
2654	{312, 705, 186, 371, 581}
2655	{615, 316, 29, 149, 87}
2656	{458, 828, 765, 36, 348}
2657	{920, 313, 186, 172, 351}
2658	{49, 306, 831, 94, 15}
2659	{938, 610, 179, 444, 807}
2660	{32, 410, 80, 144, 671}
2661	{161, 471, 69, 54, 743}
2662	{202, 595, 596, 621, 902}
2663	{318, 99, 244, 190, 415}
2664	{313, 876, 509, 254, 703}
2665	{809, 393, 123, 836, 563}
2666	{589, 127, 852, 597, 719}
2667	{488, 57, 815, 645, 351}
2668	{322, 588, 85, 174, 423}
2669	{3, 370, 83, 796, 702}
2670	{920, 859, 829, 454, 47}
2671	{576, 233, 667, 415, 711}
2672	{772, 67, 740, 149, 195}
2673	{822, 34, 787, 789, 942}
2674	{159, 679, 212, 141, 351}
2675	{187, 771, 220, 93, 382}
2676	{926, 145, 487, 294, 71}
2677	{681, 371, 132, 121, 860}
2678	{469, 349, 616, 860, 293}
2679	{280, 522, 720, 229, 439}
2680	{120, 188, 347, 632, 360}
2681	{921, 307, 156, 581, 662}
2682	{873, 172, 421, 894, 607}
2683	{800, 409, 940, 109, 838}
2684	{80, 154, 228, 21, 189}
2685	{329, 700, 284, 517, 791}
2686	{801, 938, 467, 277, 286}
2687	{444, 596, 917, 510, 588}
2688	{456, 569, 296, 833, 318}
2689	{568, 89, 251, 219, 87}
2690	{392, 537, 573, 918, 367}
2691	{849, 405, 718, 870, 223}
2692	{140, 906, 356, 789, 151}
2693	{664, 280, 123, 622, 791}
2694	{537, 662, 484, 166, 95}
2695	{385, 401, 492, 629, 39}
2696	{671, 482, 413, 894, 847}
2697	{103, 228, 757, 190, 758}
2698	{754, 691, 508, 61, 78}
2699	{648, 369, 355, 413, 441}
2700	{345, 33, 642, 802, 645}
2701	{186, 258, 578, 510, 914}
2702	{760, 801, 15, 865, 55}
2703	{888, 602, 179, 341, 327}
2704	{282, 20, 836, 877, 534}
2705	{630, 802, 307, 198, 615}
2706	{344, 913, 861, 877, 264}
2707	{145, 858, 500, 823, 183}
2708	{399, 145, 843, 435, 79}
2709	{492, 124, 863, 598, 852}
2710	{90, 595, 468, 582, 287}
2711	{496, 240, 891, 598, 119}
2712	{153, 299, 732, 637, 743}
2713	{280, 273, 746, 931, 158}
2714	{289, 794, 603, 340, 268}
2715	{392, 461, 106, 725, 693}
2716	{617, 202, 659, 261, 143}
2717	{178, 547, 131, 901, 190}
2718	{266, 293, 373, 806, 863}
2719	{896, 26, 716, 820, 128}
2720	{857, 417, 370, 457, 375}
2721	{289, 346, 596, 87, 807}
2722	{443, 76, 221, 157, 167}
2723	{905, 890, 787, 661, 57}
2724	{496, 196, 493, 486, 397}
2725	{472, 598, 706, 723, 526}
2726	{734, 644, 669, 182, 719}
2727	{558, 835, 158, 422, 670}
2728	{504, 481, 373, 229, 399}
2729	{377, 810, 51, 910, 631}
2730	{404, 212, 188, 405, 572}
2731	{224, 826, 187, 427, 286}
2732	{584, 897, 346, 644, 55}
2733	{140, 132, 76, 630, 743}
2734	{785, 626, 556, 501, 111}
2735	{550, 19, 829, 350, 189}
2736	{89, 255, 532, 465, 895}
2737	{96, 536, 411, 60, 94}
2738	{320, 185, 867, 461, 806}
2739	{449, 665, 523, 861, 534}
2740	{537, 450, 564, 646, 855}
2741	{721, 111, 469, 86, 167}
2742	{905, 130, 467, 557, 806}
2743	{313, 364, 581, 278, 494}
2744	{312, 829, 376, 517, 214}
2745	{841, 601, 904, 710, 504}
2746	{129, 930, 459, 20, 908}
2747	{848, 731, 21, 494, 766}
2748	{112, 598, 251, 532, 518}
2749	{864, 9, 346, 274, 322}
2750	{381, 67, 387, 77, 158}
2751	{808, 641, 170, 148, 154}
2752	{521, 386, 83, 684, 449}
2753	{160, 654, 260, 93, 270}
2754	{547, 539, 588, 405, 463}
2755	{576, 248, 458, 276, 237}
2756	{221, 105, 525, 513, 767}
2757	{415, 244, 349, 422, 487}
2758	{920, 337, 730, 213, 922}
2759	{202, 511, 5, 830, 935}
2760	{632, 550, 210, 27, 446}
2761	{336, 514, 570, 66, 191}
2762	{192, 106, 619, 124, 654}
2763	{2, 442, 107, 562, 516}
2764	{48, 122, 288, 691, 106}
2765	{399, 106, 367, 622, 527}
2766	{649, 442, 859, 148, 410}
2767	{696, 789, 549, 85, 807}
2768	{632, 434, 662, 292, 166}
2769	{779, 787, 155, 453, 448}
2770	{560, 3, 619, 233, 591}
2771	{337, 681, 299, 764, 120}
2772	{584, 417, 444, 190, 926}
2773	{185, 907, 348, 707, 23}
2774	{746, 19, 578, 557, 509}
2775	{464, 350, 771, 284, 572}
2776	{33, 567, 708, 437, 399}
2777	{520, 521, 810, 898, 759}
2778	{209, 514, 111, 646, 887}
2779	{177, 835, 268, 533, 846}
2780	{779, 578, 10, 196, 159}
2781	{209, 843, 507, 540, 757}
2782	{876, 66, 828, 886, 175}
2783	{857, 426, 755, 317, 610}
2784	{587, 738, 813, 573, 934}
2785	{128, 107, 597, 295, 391}
2786	{272, 105, 467, 157, 363}
2787	{105, 762, 251, 58, 486}
2788	{705, 428, 61, 564, 750}
2789	{600, 337, 307, 932, 7}
2790	{912, 139, 371, 316, 61}
2791	{180, 179, 308, 76, 367}
2792	{841, 439, 610, 772, 583}
2793	{520, 458, 938, 331, 244}
2794	{520, 908, 165, 334, 159}
2795	{573, 801, 914, 517, 85}
2796	{231, 452, 484, 590, 519}
2797	{824, 819, 500, 408, 359}
2798	{201, 482, 51, 60, 847}
2799	{48, 457, 707, 188, 270}
2800	{321, 365, 363, 45, 903}
2801	{600, 596, 917, 206, 799}
2802	{153, 718, 901, 782, 86}
2803	{584, 465, 402, 192, 239}
2804	{896, 301, 420, 605, 606}
2805	{784, 897, 490, 120, 751}
2806	{339, 722, 506, 508, 183}
2807	{205, 907, 308, 365, 663}
2808	{874, 751, 653, 638, 743}
2809	{656, 935, 937, 57, 191}
2810	{904, 11, 938, 163, 920}
2811	{712, 553, 269, 125, 447}
2812	{326, 803, 517, 166, 47}
2813	{809, 242, 514, 572, 766}
2814	{835, 340, 899, 478, 503}
2815	{632, 794, 780, 626, 672}
2816	{104, 186, 180, 260, 374}
2817	{385, 18, 140, 812, 569}
2818	{123, 488, 770, 939, 654}
2819	{786, 251, 477, 661, 791}
2820	{81, 162, 492, 878, 823}
2821	{697, 346, 533, 932, 117}
2822	{664, 328, 539, 632, 501}
2823	{727, 331, 772, 781, 775}
2824	{455, 755, 132, 130, 319}
2825	{177, 828, 55, 630, 111}
2826	{672, 265, 886, 267, 238}
2827	{442, 145, 285, 925, 303}
2828	{632, 400, 370, 285, 749}
2829	{168, 897, 883, 470, 199}
2830	{256, 914, 452, 176, 319}
2831	{928, 457, 873, 943, 7}
2832	{80, 899, 621, 438, 278}
2833	{326, 227, 557, 942, 811}
2834	{906, 565, 557, 467, 359}
2835	{344, 305, 578, 564, 785}
2836	{481, 106, 875, 652, 190}
2837	{768, 929, 906, 68, 760}
2838	{452, 444, 4, 622, 279}
2839	{425, 902, 941, 361, 195}
2840	{658, 451, 708, 157, 751}
2841	{418, 417, 402, 659, 134}
2842	{424, 808, 204, 597, 410}
2843	{579, 339, 515, 116, 390}
2844	{704, 193, 589, 70, 176}
2845	{40, 683, 284, 845, 855}
2846	{168, 428, 205, 44, 695}
2847	{255, 14, 269, 390, 327}
2848	{186, 770, 635, 628, 934}
2849	{528, 188, 341, 804, 245}
2850	{874, 691, 395, 325, 711}
2851	{321, 921, 34, 548, 478}
2852	{344, 409, 428, 604, 828}
2853	{2, 564, 565, 30, 55}
2854	{81, 347, 317, 502, 758}
2855	{512, 483, 517, 246, 133}
2856	{456, 8, 427, 513, 265}
2857	{80, 377, 886, 597, 742}
2858	{500, 820, 149, 742, 701}
2859	{27, 89, 875, 68, 739}
2860	{159, 346, 635, 926, 471}
2861	{737, 851, 68, 437, 421}
2862	{88, 385, 938, 174, 782}
2863	{75, 171, 252, 126, 87}
2864	{400, 58, 35, 188, 548}
2865	{601, 201, 323, 104, 655}
2866	{336, 752, 419, 870, 305}
2867	{849, 74, 27, 687, 943}
2868	{464, 674, 180, 637, 526}
2869	{928, 299, 549, 566, 696}
2870	{642, 83, 404, 842, 182}
2871	{27, 795, 715, 558, 798}
2872	{392, 918, 365, 374, 397}
2873	{113, 630, 724, 855, 860}
2874	{416, 569, 677, 686, 688}
2875	{255, 217, 514, 75, 167}
2876	{312, 329, 171, 769, 71}
2877	{688, 881, 570, 436, 148}
2878	{448, 330, 322, 293, 878}
2879	{728, 633, 810, 697, 486}
2880	{612, 9, 386, 484, 943}
2881	{446, 262, 893, 351, 879}
2882	{321, 921, 666, 754, 50}
2883	{392, 153, 442, 510, 889}
2884	{257, 218, 222, 165, 413}
2885	{391, 474, 211, 590, 615}
2886	{872, 520, 434, 333, 493}
2887	{252, 271, 116, 860, 463}
2888	{456, 137, 811, 294, 927}
2889	{704, 851, 244, 437, 550}
2890	{920, 449, 539, 497, 391}
2891	{715, 668, 13, 430, 15}
2892	{447, 147, 172, 877, 663}
2893	{17, 751, 532, 820, 527}
2894	{65, 12, 653, 254, 502}
2895	{186, 163, 853, 78, 79}
2896	{880, 907, 332, 397, 214}
2897	{794, 162, 891, 925, 935}
2898	{101, 218, 902, 781, 726}
2899	{200, 57, 717, 166, 607}
2900	{178, 650, 379, 396, 341}
2901	{696, 369, 531, 868, 511}
2902	{16, 883, 915, 61, 694}
2903	{58, 171, 543, 358, 475}
2904	{361, 613, 117, 806, 647}
2905	{832, 783, 741, 334, 165}
2906	{417, 634, 771, 916, 931}
2907	{881, 755, 879, 493, 135}
2908	{787, 441, 475, 877, 414}
2909	{648, 388, 53, 645, 791}
2910	{585, 234, 227, 942, 198}
2911	{10, 1, 178, 525, 533}
2912	{453, 560, 739, 901, 839}
2913	{408, 178, 332, 176, 348}
2914	{849, 204, 541, 718, 319}
2915	{392, 57, 114, 140, 76}
2916	{767, 27, 23, 782, 815}
2917	{16, 552, 662, 556, 726}
2918	{49, 292, 149, 286, 879}
2919	{659, 676, 262, 38, 407}
2920	{380, 228, 115, 316, 885}
2921	{789, 452, 925, 327, 783}
2922	{336, 634, 917, 166, 262}
2923	{704, 258, 559, 346, 583}
2924	{364, 113, 898, 347, 636}
2925	{80, 188, 726, 854, 518}
2926	{105, 665, 757, 510, 71}
2927	{806, 402, 242, 69, 694}
2928	{785, 610, 363, 227, 47}
2929	{835, 633, 401, 219, 426}
2930	{480, 273, 93, 102, 671}
2931	{304, 356, 227, 52, 856}
2932	{264, 1, 773, 718, 927}
2933	{186, 562, 619, 716, 663}
2934	{145, 890, 172, 677, 926}
2935	{833, 98, 863, 358, 671}
2936	{513, 455, 147, 862, 647}
2937	{891, 809, 35, 499, 695}
2938	{56, 66, 219, 101, 235}
2939	{834, 516, 12, 484, 143}
2940	{760, 865, 267, 333, 825}
2941	{509, 42, 675, 69, 499}
2942	{424, 337, 185, 916, 249}
2943	{208, 553, 387, 461, 382}
2944	{225, 426, 899, 366, 561}
2945	{752, 361, 99, 165, 222}
2946	{612, 273, 708, 737, 687}
2947	{112, 435, 29, 294, 456}
2948	{514, 43, 652, 685, 383}
2949	{104, 729, 779, 61, 329}
2950	{497, 746, 606, 486, 103}
2951	{72, 509, 131, 21, 830}
2952	{356, 708, 780, 709, 62}
2953	{880, 33, 82, 123, 621}
2954	{81, 817, 570, 259, 342}
2955	{94, 922, 476, 45, 558}
2956	{584, 457, 571, 69, 511}
2957	{536, 447, 259, 645, 703}
2958	{17, 394, 99, 50, 117}
2959	{704, 905, 96, 901, 215}
2960	{136, 134, 115, 614, 654}
2961	{193, 187, 573, 782, 15}
2962	{892, 900, 156, 822, 199}
2963	{833, 874, 772, 284, 335}
2964	{143, 943, 483, 902, 798}
2965	{32, 800, 188, 798, 31}
2966	{725, 209, 90, 573, 838}
2967	{713, 625, 357, 830, 607}
2968	{601, 202, 19, 852, 511}
2969	{248, 458, 85, 87, 135}
2970	{929, 404, 771, 364, 613}
2971	{888, 528, 98, 524, 154}
2972	{520, 145, 356, 85, 54}
2973	{474, 751, 501, 286, 189}
2974	{935, 643, 812, 213, 535}
2975	{120, 402, 239, 285, 685}
2976	{680, 289, 438, 872, 86}
2977	{655, 37, 700, 173, 499}
2978	{24, 897, 746, 459, 396}
2979	{17, 179, 204, 389, 663}
2980	{867, 180, 381, 718, 766}
2981	{120, 850, 643, 660, 310}
2982	{372, 25, 619, 252, 683}
2983	{40, 892, 460, 124, 881}
2984	{932, 803, 839, 102, 750}
2985	{529, 307, 889, 273, 750}
2986	{854, 723, 644, 707, 303}
2987	{128, 61, 676, 125, 15}
2988	{74, 308, 293, 556, 7}
2989	{241, 932, 317, 286, 647}
2990	{458, 3, 181, 374, 866}
2991	{346, 495, 156, 269, 471}
2992	{928, 848, 34, 75, 448}
2993	{865, 638, 795, 468, 558}
2994	{307, 323, 631, 373, 295}
2995	{576, 364, 11, 524, 359}
2996	{88, 154, 252, 806, 735}
2997	{104, 121, 355, 773, 38}
2998	{449, 626, 667, 228, 654}
2999	{448, 202, 500, 821, 463}
