0	{721, 773}
1	{150, 318}
2	{10, 404}
3	{138, 838}
4	{753, 652}
5	{523, 315}
6	{119, 615}
7	{928, 458}
8	{401, 31}
9	{169, 202}
10	{332, 413}
11	{819, 326}
12	{524, 462}
13	{931, 791}
14	{576, 765}
15	{689, 876}
16	{651, 205}
17	{43, 187}
18	{556, 750}
19	{296, 683}
20	{99, 707}
21	{913, 114}
22	{216, 149}
23	{571, 604}
24	{96, 389}
25	{721, 771}
26	{211, 647}
27	{626, 787}
28	{595, 804}
29	{400, 719}
30	{306, 842}
31	{757, 871}
32	{280, 869}
33	{773, 126}
34	{813, 887}
35	{509, 246}
36	{573, 565}
37	{564, 677}
38	{595, 843}
39	{880, 614}
40	{34, 407}
41	{600, 616}
42	{369, 811}
43	{495, 791}
44	{677, 814}
45	{132, 52}
46	{833, 134}
47	{481, 77}
48	{866, 735}
49	{569, 351}
50	{425, 763}
51	{937, 269}
52	{188, 527}
53	{394, 799}
54	{28, 350}
55	{128, 557}
56	{788, 303}
57	{322, 445}
58	{741, 151}
59	{937, 825}
60	{869, 822}
61	{81, 394}
62	{705, 545}
63	{220, 118}
64	{923, 55}
65	{24, 283}
66	{281, 709}
67	{194, 924}
68	{853, 349}
69	{386, 636}
70	{210, 130}
71	{445, 23}
72	{795, 214}
73	{210, 498}
74	{136, 691}
75	{939, 893}
76	{338, 540}
77	{128, 380}
78	{432, 127}
79	{10, 21}
80	{579, 175}
81	{834, 196}
82	{867, 772}
83	{577, 428}
84	{257, 298}
85	{192, 433}
86	{392, 336}
87	{817, 319}
88	{114, 926}
89	{113, 231}
90	{513, 941}
91	{748, 470}
92	{805, 327}
93	{139, 878}
94	{497, 267}
95	{217, 603}
96	{512, 602}
97	{356, 71}
98	{355, 164}
99	{113, 751}
100	{680, 388}
101	{434, 410}
102	{658, 237}
103	{116, 381}
104	{859, 255}
105	{833, 821}
106	{72, 370}
107	{227, 175}
108	{274, 863}
109	{896, 246}
110	{207, 175}
111	{256, 511}
112	{808, 63}
113	{640, 357}
114	{66, 911}
115	{305, 793}
116	{290, 899}
117	{513, 389}
118	{874, 133}
119	{532, 782}
120	{929, 343}
121	{898, 430}
122	{211, 499}
123	{16, 658}
124	{824, 700}
125	{474, 74}
126	{841, 314}
127	{449, 325}
128	{907, 61}
129	{512, 224}
130	{271, 703}
131	{298, 843}
132	{747, 163}
133	{696, 17}
134	{576, 785}
135	{160, 649}
136	{446, 286}
137	{710, 47}
138	{105, 10}
139	{697, 231}
140	{876, 917}
141	{266, 539}
142	{336, 454}
143	{216, 620}
144	{209, 154}
145	{832, 247}
146	{554, 615}
147	{145, 205}
148	{849, 879}
149	{248, 269}
150	{345, 509}
151	{196, 141}
152	{297, 77}
153	{672, 166}
154	{764, 102}
155	{787, 942}
156	{494, 71}
157	{233, 562}
158	{345, 221}
159	{448, 261}
160	{497, 724}
161	{509, 79}
162	{916, 502}
163	{873, 209}
164	{325, 542}
165	{446, 782}
166	{363, 941}
167	{674, 115}
168	{756, 149}
169	{929, 866}
170	{192, 523}
171	{187, 367}
172	{474, 661}
173	{602, 90}
174	{601, 111}
175	{585, 201}
176	{364, 350}
177	{779, 837}
178	{266, 182}
179	{792, 481}
180	{410, 260}
181	{843, 796}
182	{227, 581}
183	{277, 718}
184	{259, 863}
185	{778, 773}
186	{226, 147}
187	{89, 906}
188	{717, 278}
189	{658, 707}
190	{824, 563}
191	{403, 742}
192	{376, 657}
193	{665, 255}
194	{323, 435}
195	{206, 743}
196	{592, 325}
197	{872, 804}
198	{65, 740}
199	{849, 819}
200	{760, 730}
201	{840, 280}
202	{674, 746}
203	{833, 558}
204	{883, 555}
205	{345, 885}
206	{776, 829}
207	{107, 319}
208	{491, 374}
209	{708, 438}
210	{577, 749}
211	{336, 500}
212	{457, 317}
213	{194, 226}
214	{555, 534}
215	{257, 869}
216	{681, 434}
217	{122, 324}
218	{21, 165}
219	{662, 807}
220	{482, 29}
221	{560, 268}
222	{432, 338}
223	{404, 885}
224	{267, 196}
225	{162, 603}
226	{281, 772}
227	{633, 116}
228	{492, 38}
229	{601, 532}
230	{370, 389}
231	{154, 469}
232	{90, 831}
233	{152, 385}
234	{337, 36}
235	{140, 847}
236	{348, 245}
237	{705, 831}
238	{426, 276}
239	{513, 237}
240	{667, 596}
241	{610, 823}
242	{731, 724}
243	{706, 175}
244	{162, 917}
245	{312, 207}
246	{290, 795}
247	{611, 423}
248	{610, 292}
249	{145, 137}
250	{836, 572}
251	{641, 510}
252	{2, 358}
253	{682, 647}
254	{436, 399}
255	{862, 191}
256	{512, 203}
257	{425, 886}
258	{108, 662}
259	{376, 103}
260	{755, 486}
261	{298, 559}
262	{75, 188}
263	{529, 332}
264	{857, 581}
265	{115, 575}
266	{104, 326}
267	{467, 468}
268	{289, 900}
269	{388, 349}
270	{192, 833}
271	{760, 201}
272	{319, 559}
273	{385, 774}
274	{153, 14}
275	{408, 561}
276	{539, 516}
277	{224, 830}
278	{521, 255}
279	{498, 423}
280	{729, 29}
281	{885, 823}
282	{715, 699}
283	{554, 405}
284	{187, 869}
285	{291, 123}
286	{792, 570}
287	{113, 442}
288	{179, 517}
289	{522, 819}
290	{921, 813}
291	{448, 322}
292	{201, 52}
293	{818, 174}
294	{388, 548}
295	{722, 564}
296	{543, 919}
297	{264, 816}
298	{247, 463}
299	{30, 79}
300	{769, 410}
301	{203, 422}
302	{149, 46}
303	{9, 534}
304	{32, 325}
305	{497, 305}
306	{794, 485}
307	{360, 143}
308	{884, 735}
309	{327, 743}
310	{172, 822}
311	{322, 331}
312	{841, 773}
313	{616, 566}
314	{625, 606}
315	{571, 909}
316	{577, 923}
317	{449, 349}
318	{139, 163}
319	{312, 345}
320	{665, 310}
321	{24, 151}
322	{428, 846}
323	{523, 382}
324	{649, 724}
325	{328, 839}
326	{320, 311}
327	{493, 151}
328	{747, 423}
329	{155, 685}
330	{636, 844}
331	{902, 351}
332	{673, 303}
333	{892, 646}
334	{2, 79}
335	{650, 307}
336	{796, 22}
337	{350, 559}
338	{304, 711}
339	{680, 821}
340	{12, 182}
341	{162, 23}
342	{753, 459}
343	{33, 797}
344	{25, 441}
345	{746, 711}
346	{530, 294}
347	{770, 219}
348	{844, 591}
349	{185, 628}
350	{402, 115}
351	{145, 891}
352	{441, 214}
353	{306, 445}
354	{138, 415}
355	{45, 438}
356	{352, 369}
357	{352, 602}
358	{598, 727}
359	{247, 447}
360	{104, 603}
361	{776, 165}
362	{582, 134}
363	{277, 103}
364	{67, 6}
365	{12, 895}
366	{269, 390}
367	{422, 303}
368	{643, 183}
369	{114, 101}
370	{289, 641}
371	{73, 266}
372	{907, 117}
373	{297, 358}
374	{25, 260}
375	{530, 943}
376	{265, 413}
377	{797, 469}
378	{601, 633}
379	{416, 885}
380	{538, 843}
381	{9, 679}
382	{648, 130}
383	{131, 814}
384	{792, 550}
385	{26, 123}
386	{836, 167}
387	{539, 507}
388	{172, 68}
389	{528, 61}
390	{628, 717}
391	{555, 148}
392	{558, 679}
393	{3, 188}
394	{394, 38}
395	{778, 691}
396	{45, 646}
397	{480, 562}
398	{554, 23}
399	{829, 759}
400	{715, 252}
401	{312, 225}
402	{665, 350}
403	{192, 238}
404	{700, 247}
405	{531, 555}
406	{596, 181}
407	{520, 129}
408	{34, 230}
409	{562, 51}
410	{730, 782}
411	{28, 517}
412	{689, 100}
413	{350, 287}
414	{162, 326}
415	{852, 79}
416	{166, 111}
417	{58, 423}
418	{393, 667}
419	{585, 893}
420	{696, 77}
421	{799, 399}
422	{440, 827}
423	{526, 903}
424	{660, 647}
425	{19, 727}
426	{92, 126}
427	{411, 708}
428	{403, 909}
429	{40, 567}
430	{537, 774}
431	{411, 735}
432	{253, 791}
433	{122, 654}
434	{545, 217}
435	{281, 244}
436	{353, 100}
437	{624, 430}
438	{874, 388}
439	{611, 799}
440	{886, 839}
441	{544, 859}
442	{180, 606}
443	{774, 327}
444	{929, 610}
445	{40, 146}
446	{298, 462}
447	{477, 814}
448	{258, 70}
449	{75, 940}
450	{13, 287}
451	{720, 761}
452	{645, 726}
453	{354, 468}
454	{914, 575}
455	{280, 503}
456	{517, 165}
457	{525, 181}
458	{696, 260}
459	{50, 685}
460	{831, 15}
461	{644, 215}
462	{837, 663}
463	{700, 614}
464	{520, 76}
465	{174, 470}
466	{320, 617}
467	{410, 324}
468	{540, 935}
469	{524, 239}
470	{438, 271}
471	{618, 711}
472	{120, 492}
473	{177, 717}
474	{851, 462}
475	{840, 482}
476	{392, 189}
477	{353, 438}
478	{288, 60}
479	{699, 100}
480	{363, 646}
481	{136, 529}
482	{829, 910}
483	{565, 703}
484	{300, 229}
485	{312, 516}
486	{174, 574}
487	{366, 62}
488	{601, 521}
489	{880, 893}
490	{826, 123}
491	{451, 503}
492	{405, 286}
493	{96, 252}
494	{424, 519}
495	{901, 831}
496	{723, 612}
497	{492, 125}
498	{698, 886}
499	{73, 170}
500	{6, 559}
501	{400, 392}
502	{290, 302}
503	{651, 126}
504	{160, 284}
505	{339, 540}
506	{201, 244}
507	{598, 135}
508	{170, 716}
509	{265, 746}
510	{277, 662}
511	{279, 223}
512	{172, 829}
513	{424, 139}
514	{313, 934}
515	{288, 593}
516	{843, 598}
517	{641, 509}
518	{893, 583}
519	{419, 29}
520	{236, 228}
521	{370, 60}
522	{108, 125}
523	{20, 151}
524	{901, 511}
525	{417, 821}
526	{90, 798}
527	{28, 495}
528	{25, 574}
529	{432, 145}
530	{848, 556}
531	{292, 239}
532	{403, 599}
533	{665, 79}
534	{204, 717}
535	{507, 420}
536	{842, 871}
537	{600, 281}
538	{219, 636}
539	{179, 21}
540	{56, 755}
541	{530, 199}
542	{364, 559}
543	{435, 262}
544	{360, 265}
545	{106, 509}
546	{617, 846}
547	{355, 596}
548	{635, 271}
549	{728, 268}
550	{748, 934}
551	{692, 943}
552	{514, 687}
553	{272, 693}
554	{152, 771}
555	{470, 135}
556	{888, 539}
557	{649, 598}
558	{808, 356}
559	{768, 20}
560	{402, 468}
561	{262, 847}
562	{701, 502}
563	{753, 530}
564	{898, 511}
565	{817, 786}
566	{912, 367}
567	{257, 247}
568	{424, 877}
569	{560, 630}
570	{201, 69}
571	{624, 660}
572	{328, 923}
573	{914, 341}
574	{686, 150}
575	{458, 374}
576	{54, 782}
577	{801, 706}
578	{214, 135}
579	{689, 314}
580	{921, 602}
581	{298, 892}
582	{552, 185}
583	{27, 567}
584	{88, 732}
585	{936, 454}
586	{827, 763}
587	{709, 214}
588	{506, 749}
589	{91, 830}
590	{776, 76}
591	{809, 190}
592	{925, 335}
593	{716, 686}
594	{88, 52}
595	{441, 461}
596	{528, 128}
597	{227, 478}
598	{857, 876}
599	{404, 279}
600	{168, 461}
601	{272, 732}
602	{803, 197}
603	{231, 463}
604	{26, 906}
605	{62, 503}
606	{859, 341}
607	{819, 862}
608	{556, 757}
609	{860, 734}
610	{648, 490}
611	{229, 30}
612	{56, 865}
613	{580, 78}
614	{628, 623}
615	{877, 597}
616	{99, 35}
617	{152, 658}
618	{539, 877}
619	{757, 173}
620	{304, 648}
621	{901, 279}
622	{197, 551}
623	{788, 359}
624	{778, 183}
625	{914, 180}
626	{235, 189}
627	{370, 525}
628	{137, 777}
629	{9, 283}
630	{818, 286}
631	{789, 518}
632	{145, 743}
633	{120, 799}
634	{808, 662}
635	{86, 231}
636	{504, 44}
637	{357, 829}
638	{428, 454}
639	{771, 715}
640	{745, 487}
641	{28, 118}
642	{790, 111}
643	{65, 925}
644	{881, 787}
645	{660, 429}
646	{57, 261}
647	{353, 86}
648	{267, 599}
649	{257, 181}
650	{432, 167}
651	{478, 751}
652	{160, 687}
653	{201, 471}
654	{602, 165}
655	{582, 502}
656	{676, 716}
657	{24, 99}
658	{412, 846}
659	{860, 573}
660	{200, 188}
661	{804, 101}
662	{289, 554}
663	{433, 652}
664	{261, 790}
665	{680, 144}
666	{113, 327}
667	{808, 442}
668	{149, 566}
669	{657, 18}
670	{560, 276}
671	{706, 196}
672	{457, 740}
673	{208, 37}
674	{331, 252}
675	{417, 293}
676	{699, 871}
677	{262, 391}
678	{696, 858}
679	{417, 715}
680	{512, 500}
681	{849, 670}
682	{688, 882}
683	{636, 438}
684	{442, 2}
685	{474, 597}
686	{477, 917}
687	{845, 871}
688	{569, 759}
689	{713, 791}
690	{778, 646}
691	{416, 941}
692	{462, 574}
693	{152, 65}
694	{72, 654}
695	{816, 602}
696	{820, 494}
697	{304, 894}
698	{424, 671}
699	{365, 717}
700	{571, 539}
701	{688, 885}
702	{69, 87}
703	{34, 860}
704	{721, 157}
705	{882, 398}
706	{472, 636}
707	{178, 557}
708	{581, 183}
709	{700, 366}
710	{123, 420}
711	{672, 741}
712	{217, 340}
713	{100, 36}
714	{835, 699}
715	{369, 671}
716	{57, 68}
717	{349, 325}
718	{442, 900}
719	{27, 573}
720	{24, 730}
721	{651, 495}
722	{354, 469}
723	{452, 783}
724	{848, 139}
725	{544, 37}
726	{34, 156}
727	{114, 716}
728	{272, 777}
729	{200, 109}
730	{539, 612}
731	{520, 428}
732	{643, 565}
733	{328, 608}
734	{80, 254}
735	{728, 238}
736	{453, 70}
737	{397, 919}
738	{877, 807}
739	{545, 422}
740	{643, 559}
741	{521, 350}
742	{865, 124}
743	{477, 510}
744	{317, 197}
745	{672, 294}
746	{504, 316}
747	{91, 917}
748	{202, 62}
749	{808, 727}
750	{289, 604}
751	{377, 469}
752	{297, 733}
753	{597, 527}
754	{329, 557}
755	{387, 446}
756	{529, 700}
757	{667, 767}
758	{14, 935}
759	{910, 198}
760	{714, 522}
761	{714, 852}
762	{27, 269}
763	{867, 6}
764	{153, 230}
765	{418, 855}
766	{114, 758}
767	{202, 445}
768	{601, 423}
769	{344, 45}
770	{909, 495}
771	{538, 397}
772	{920, 610}
773	{656, 315}
774	{529, 890}
775	{465, 237}
776	{650, 469}
777	{857, 271}
778	{512, 444}
779	{274, 765}
780	{443, 807}
781	{187, 508}
782	{764, 703}
783	{568, 810}
784	{497, 673}
785	{474, 620}
786	{619, 646}
787	{712, 587}
788	{747, 468}
789	{30, 510}
790	{844, 342}
791	{315, 524}
792	{736, 889}
793	{396, 341}
794	{116, 508}
795	{531, 99}
796	{648, 612}
797	{416, 180}
798	{354, 711}
799	{288, 808}
800	{697, 882}
801	{930, 906}
802	{452, 742}
803	{762, 615}
804	{509, 46}
805	{202, 708}
806	{419, 438}
807	{72, 316}
808	{67, 77}
809	{198, 854}
810	{329, 780}
811	{635, 236}
812	{202, 754}
813	{650, 799}
814	{416, 859}
815	{644, 527}
816	{56, 745}
817	{638, 191}
818	{419, 270}
819	{466, 915}
820	{553, 478}
821	{748, 445}
822	{517, 855}
823	{594, 575}
824	{379, 782}
825	{720, 510}
826	{936, 718}
827	{286, 471}
828	{592, 261}
829	{306, 349}
830	{252, 270}
831	{705, 378}
832	{905, 279}
833	{634, 775}
834	{33, 348}
835	{937, 527}
836	{497, 522}
837	{771, 686}
838	{625, 587}
839	{117, 615}
840	{865, 753}
841	{859, 827}
842	{776, 35}
843	{859, 716}
844	{507, 367}
845	{314, 869}
846	{448, 118}
847	{448, 763}
848	{25, 780}
849	{603, 885}
850	{467, 691}
851	{660, 821}
852	{264, 474}
853	{794, 443}
854	{89, 722}
855	{185, 55}
856	{352, 331}
857	{851, 447}
858	{538, 925}
859	{582, 447}
860	{184, 394}
861	{304, 735}
862	{482, 803}
863	{515, 108}
864	{778, 631}
865	{102, 839}
866	{680, 492}
867	{490, 141}
868	{363, 453}
869	{443, 372}
870	{594, 75}
871	{914, 106}
872	{872, 612}
873	{688, 285}
874	{816, 138}
875	{357, 911}
876	{144, 648}
877	{714, 516}
878	{906, 435}
879	{792, 921}
880	{451, 564}
881	{27, 715}
882	{680, 258}
883	{80, 906}
884	{638, 590}
885	{528, 583}
886	{801, 219}
887	{522, 244}
888	{362, 532}
889	{283, 501}
890	{3, 372}
891	{420, 342}
892	{729, 695}
893	{488, 465}
894	{560, 192}
895	{546, 612}
896	{489, 637}
897	{690, 822}
898	{490, 187}
899	{222, 262}
900	{466, 383}
901	{506, 779}
902	{192, 615}
903	{845, 150}
904	{219, 30}
905	{581, 910}
906	{17, 597}
907	{232, 29}
908	{837, 63}
909	{268, 375}
910	{900, 412}
911	{906, 367}
912	{347, 902}
913	{458, 76}
914	{52, 294}
915	{681, 875}
916	{457, 458}
917	{88, 67}
918	{729, 930}
919	{204, 293}
920	{492, 495}
921	{806, 663}
922	{533, 831}
923	{680, 396}
924	{893, 677}
925	{85, 718}
926	{843, 774}
927	{136, 611}
928	{120, 391}
929	{652, 532}
930	{587, 302}
931	{88, 315}
932	{424, 388}
933	{264, 892}
934	{318, 590}
935	{918, 887}
936	{56, 603}
937	{110, 943}
938	{117, 614}
939	{617, 30}
940	{806, 711}
941	{289, 915}
942	{826, 941}
943	{232, 628}
944	{75, 213}
945	{554, 148}
946	{53, 254}
947	{307, 547}
948	{825, 498}
949	{258, 781}
950	{481, 412}
951	{330, 221}
952	{858, 445}
953	{868, 214}
954	{569, 347}
955	{556, 342}
956	{13, 933}
957	{464, 826}
958	{153, 764}
959	{920, 689}
960	{880, 334}
961	{44, 462}
962	{432, 183}
963	{200, 892}
964	{16, 188}
965	{737, 103}
966	{934, 310}
967	{24, 378}
968	{611, 79}
969	{392, 329}
970	{458, 551}
971	{824, 495}
972	{841, 811}
973	{188, 62}
974	{219, 251}
975	{532, 269}
976	{162, 810}
977	{298, 51}
978	{342, 199}
979	{193, 541}
980	{722, 206}
981	{924, 341}
982	{700, 134}
983	{107, 156}
984	{672, 384}
985	{856, 48}
986	{374, 566}
987	{369, 636}
988	{46, 487}
989	{362, 676}
990	{342, 215}
991	{304, 596}
992	{216, 67}
993	{258, 351}
994	{346, 519}
995	{624, 784}
996	{556, 301}
997	{661, 574}
998	{169, 213}
999	{696, 326}
1000	{115, 623}
1001	{579, 158}
1002	{776, 877}
1003	{558, 46}
1004	{473, 395}
1005	{642, 702}
1006	{477, 471}
1007	{826, 868}
1008	{480, 314}
1009	{811, 87}
1010	{84, 23}
1011	{729, 389}
1012	{907, 679}
1013	{132, 311}
1014	{267, 171}
1015	{736, 659}
1016	{673, 494}
1017	{504, 838}
1018	{708, 854}
1019	{70, 55}
1020	{528, 630}
1021	{758, 502}
1022	{622, 55}
1023	{465, 196}
1024	{9, 364}
1025	{902, 55}
1026	{665, 347}
1027	{434, 636}
1028	{121, 451}
1029	{614, 519}
1030	{56, 476}
1031	{392, 614}
1032	{593, 85}
1033	{26, 629}
1034	{465, 42}
1035	{73, 939}
1036	{187, 13}
1037	{760, 517}
1038	{379, 127}
1039	{599, 343}
1040	{650, 429}
1041	{32, 33}
1042	{378, 806}
1043	{226, 140}
1044	{155, 151}
1045	{525, 438}
1046	{249, 530}
1047	{48, 822}
1048	{628, 534}
1049	{221, 895}
1050	{682, 885}
1051	{699, 845}
1052	{488, 61}
1053	{739, 701}
1054	{72, 917}
1055	{785, 260}
1056	{450, 915}
1057	{82, 756}
1058	{499, 118}
1059	{601, 283}
1060	{867, 262}
1061	{226, 919}
1062	{865, 5}
1063	{64, 720}
1064	{26, 195}
1065	{681, 163}
1066	{664, 817}
1067	{498, 914}
1068	{481, 468}
1069	{420, 847}
1070	{115, 52}
1071	{556, 463}
1072	{137, 374}
1073	{603, 884}
1074	{536, 554}
1075	{59, 374}
1076	{162, 471}
1077	{507, 628}
1078	{136, 658}
1079	{434, 931}
1080	{516, 788}
1081	{132, 31}
1082	{613, 445}
1083	{762, 267}
1084	{776, 232}
1085	{672, 42}
1086	{268, 127}
1087	{547, 556}
1088	{266, 431}
1089	{186, 854}
1090	{592, 327}
1091	{581, 927}
1092	{123, 715}
1093	{936, 747}
1094	{713, 827}
1095	{207, 151}
1096	{96, 247}
1097	{376, 188}
1098	{213, 735}
1099	{648, 614}
1100	{320, 505}
1101	{136, 309}
1102	{568, 18}
1103	{666, 395}
1104	{266, 20}
1105	{60, 781}
1106	{814, 518}
1107	{202, 782}
1108	{259, 189}
1109	{427, 507}
1110	{544, 893}
1111	{650, 725}
1112	{793, 701}
1113	{624, 772}
1114	{464, 40}
1115	{571, 76}
1116	{267, 749}
1117	{876, 764}
1118	{570, 139}
1119	{898, 92}
1120	{587, 919}
1121	{739, 29}
1122	{8, 365}
1123	{517, 677}
1124	{188, 503}
1125	{697, 714}
1126	{383, 943}
1127	{352, 700}
1128	{942, 167}
1129	{689, 863}
1130	{37, 487}
1131	{544, 153}
1132	{675, 430}
1133	{708, 429}
1134	{146, 895}
1135	{339, 37}
1136	{96, 99}
1137	{194, 261}
1138	{312, 561}
1139	{113, 154}
1140	{194, 299}
1141	{76, 6}
1142	{136, 182}
1143	{49, 932}
1144	{712, 695}
1145	{32, 641}
1146	{306, 203}
1147	{544, 718}
1148	{89, 773}
1149	{228, 383}
1150	{556, 727}
1151	{379, 525}
1152	{81, 4}
1153	{209, 739}
1154	{620, 126}
1155	{893, 71}
1156	{35, 756}
1157	{187, 206}
1158	{314, 143}
1159	{381, 157}
1160	{938, 50}
1161	{192, 362}
1162	{477, 166}
1163	{649, 515}
1164	{584, 554}
1165	{17, 377}
1166	{655, 735}
1167	{485, 719}
1168	{347, 188}
1169	{366, 742}
1170	{576, 237}
1171	{741, 469}
1172	{761, 220}
1173	{474, 511}
1174	{826, 581}
1175	{544, 407}
1176	{355, 86}
1177	{129, 722}
1178	{18, 709}
1179	{376, 697}
1180	{184, 224}
1181	{752, 163}
1182	{600, 682}
1183	{504, 350}
1184	{671, 751}
1185	{512, 943}
1186	{168, 476}
1187	{32, 362}
1188	{928, 660}
1189	{371, 383}
1190	{144, 521}
1191	{165, 502}
1192	{83, 179}
1193	{12, 742}
1194	{562, 47}
1195	{867, 227}
1196	{112, 6}
1197	{353, 782}
1198	{152, 160}
1199	{578, 675}
1200	{940, 119}
1201	{90, 399}
1202	{425, 241}
1203	{842, 675}
1204	{315, 887}
1205	{212, 845}
1206	{89, 366}
1207	{913, 93}
1208	{555, 765}
1209	{274, 675}
1210	{114, 757}
1211	{657, 163}
1212	{789, 358}
1213	{531, 829}
1214	{43, 271}
1215	{169, 271}
1216	{889, 397}
1217	{337, 28}
1218	{578, 310}
1219	{537, 694}
1220	{555, 782}
1221	{864, 67}
1222	{160, 86}
1223	{361, 812}
1224	{168, 338}
1225	{186, 123}
1226	{108, 542}
1227	{906, 563}
1228	{402, 364}
1229	{216, 526}
1230	{304, 938}
1231	{718, 823}
1232	{20, 117}
1233	{462, 871}
1234	{341, 109}
1235	{638, 503}
1236	{688, 636}
1237	{3, 942}
1238	{269, 518}
1239	{778, 227}
1240	{417, 484}
1241	{181, 863}
1242	{216, 184}
1243	{392, 919}
1244	{129, 53}
1245	{91, 4}
1246	{560, 86}
1247	{722, 437}
1248	{672, 691}
1249	{897, 226}
1250	{162, 453}
1251	{512, 450}
1252	{691, 270}
1253	{315, 731}
1254	{392, 323}
1255	{548, 133}
1256	{237, 846}
1257	{725, 70}
1258	{372, 223}
1259	{922, 85}
1260	{544, 267}
1261	{306, 270}
1262	{314, 619}
1263	{820, 806}
1264	{596, 639}
1265	{477, 422}
1266	{328, 731}
1267	{643, 269}
1268	{629, 173}
1269	{288, 517}
1270	{388, 934}
1271	{26, 115}
1272	{933, 15}
1273	{915, 181}
1274	{56, 487}
1275	{835, 165}
1276	{74, 300}
1277	{644, 358}
1278	{29, 102}
1279	{161, 753}
1280	{74, 180}
1281	{578, 428}
1282	{752, 587}
1283	{169, 63}
1284	{833, 789}
1285	{563, 555}
1286	{458, 181}
1287	{693, 935}
1288	{874, 172}
1289	{307, 222}
1290	{834, 293}
1291	{499, 23}
1292	{573, 903}
1293	{338, 701}
1294	{888, 353}
1295	{672, 565}
1296	{825, 556}
1297	{264, 427}
1298	{809, 771}
1299	{206, 319}
1300	{459, 453}
1301	{104, 366}
1302	{90, 757}
1303	{912, 611}
1304	{648, 169}
1305	{260, 309}
1306	{256, 404}
1307	{402, 157}
1308	{220, 15}
1309	{601, 905}
1310	{426, 260}
1311	{528, 358}
1312	{916, 189}
1313	{3, 556}
1314	{354, 911}
1315	{224, 97}
1316	{120, 543}
1317	{643, 271}
1318	{445, 38}
1319	{201, 44}
1320	{657, 282}
1321	{553, 439}
1322	{396, 415}
1323	{837, 623}
1324	{408, 399}
1325	{430, 727}
1326	{321, 156}
1327	{474, 510}
1328	{354, 551}
1329	{859, 68}
1330	{402, 922}
1331	{492, 239}
1332	{770, 829}
1333	{573, 775}
1334	{444, 517}
1335	{747, 599}
1336	{68, 580}
1337	{520, 900}
1338	{59, 859}
1339	{851, 535}
1340	{218, 43}
1341	{363, 871}
1342	{609, 780}
1343	{594, 381}
1344	{831, 311}
1345	{488, 198}
1346	{722, 506}
1347	{361, 684}
1348	{480, 800}
1349	{897, 722}
1350	{762, 13}
1351	{384, 943}
1352	{636, 87}
1353	{459, 52}
1354	{193, 650}
1355	{658, 762}
1356	{176, 748}
1357	{507, 861}
1358	{624, 397}
1359	{788, 173}
1360	{730, 597}
1361	{21, 421}
1362	{97, 731}
1363	{819, 831}
1364	{746, 708}
1365	{432, 514}
1366	{562, 174}
1367	{235, 167}
1368	{561, 613}
1369	{657, 867}
1370	{528, 824}
1371	{50, 476}
1372	{72, 29}
1373	{98, 243}
1374	{802, 644}
1375	{515, 412}
1376	{436, 708}
1377	{192, 466}
1378	{888, 776}
1379	{825, 395}
1380	{844, 421}
1381	{721, 467}
1382	{858, 943}
1383	{513, 508}
1384	{105, 626}
1385	{709, 694}
1386	{337, 558}
1387	{80, 299}
1388	{425, 4}
1389	{137, 173}
1390	{28, 909}
1391	{875, 102}
1392	{568, 939}
1393	{157, 679}
1394	{847, 87}
1395	{362, 901}
1396	{265, 343}
1397	{106, 915}
1398	{578, 419}
1399	{26, 318}
1400	{144, 4}
1401	{587, 534}
1402	{832, 515}
1403	{549, 558}
1404	{218, 350}
1405	{634, 284}
1406	{178, 719}
1407	{186, 791}
1408	{700, 406}
1409	{187, 12}
1410	{496, 115}
1411	{154, 395}
1412	{298, 101}
1413	{150, 910}
1414	{690, 893}
1415	{600, 249}
1416	{403, 726}
1417	{925, 695}
1418	{523, 676}
1419	{131, 324}
1420	{174, 55}
1421	{219, 748}
1422	{692, 941}
1423	{805, 333}
1424	{532, 607}
1425	{220, 853}
1426	{12, 701}
1427	{80, 375}
1428	{620, 885}
1429	{448, 388}
1430	{284, 399}
1431	{544, 747}
1432	{400, 404}
1433	{323, 158}
1434	{296, 341}
1435	{474, 468}
1436	{320, 95}
1437	{377, 588}
1438	{137, 805}
1439	{477, 23}
1440	{371, 349}
1441	{267, 462}
1442	{712, 242}
1443	{329, 940}
1444	{774, 255}
1445	{598, 303}
1446	{352, 743}
1447	{834, 619}
1448	{128, 457}
1449	{393, 287}
1450	{757, 262}
1451	{485, 758}
1452	{835, 351}
1453	{160, 35}
1454	{457, 687}
1455	{81, 539}
1456	{12, 46}
1457	{777, 401}
1458	{738, 749}
1459	{930, 675}
1460	{75, 318}
1461	{769, 646}
1462	{32, 675}
1463	{760, 579}
1464	{57, 75}
1465	{4, 820}
1466	{715, 5}
1467	{372, 606}
1468	{147, 205}
1469	{938, 725}
1470	{703, 95}
1471	{322, 318}
1472	{394, 586}
1473	{426, 366}
1474	{426, 630}
1475	{937, 127}
1476	{921, 718}
1477	{775, 487}
1478	{475, 495}
1479	{444, 55}
1480	{9, 471}
1481	{377, 892}
1482	{272, 809}
1483	{333, 694}
1484	{803, 311}
1485	{373, 655}
1486	{780, 77}
1487	{59, 651}
1488	{552, 410}
1489	{255, 511}
1490	{816, 900}
1491	{506, 510}
1492	{600, 850}
1493	{480, 58}
1494	{36, 567}
1495	{904, 350}
1496	{296, 701}
1497	{458, 230}
1498	{218, 750}
1499	{729, 342}
1500	{764, 70}
1501	{794, 631}
1502	{897, 179}
1503	{396, 869}
1504	{392, 539}
1505	{889, 626}
1506	{928, 278}
1507	{88, 786}
1508	{635, 221}
1509	{78, 782}
1510	{835, 31}
1511	{44, 733}
1512	{379, 686}
1513	{602, 726}
1514	{873, 769}
1515	{108, 388}
1516	{258, 298}
1517	{628, 501}
1518	{771, 743}
1519	{31, 287}
1520	{681, 91}
1521	{280, 83}
1522	{560, 532}
1523	{792, 390}
1524	{803, 483}
1525	{861, 589}
1526	{337, 396}
1527	{872, 767}
1528	{116, 303}
1529	{34, 582}
1530	{3, 637}
1531	{930, 435}
1532	{353, 137}
1533	{395, 564}
1534	{483, 111}
1535	{669, 471}
1536	{298, 423}
1537	{888, 257}
1538	{824, 326}
1539	{13, 510}
1540	{107, 741}
1541	{451, 421}
1542	{936, 788}
1543	{593, 514}
1544	{56, 826}
1545	{616, 783}
1546	{290, 786}
1547	{223, 311}
1548	{691, 516}
1549	{189, 630}
1550	{904, 308}
1551	{857, 572}
1552	{204, 742}
1553	{603, 847}
1554	{11, 189}
1555	{97, 413}
1556	{306, 439}
1557	{248, 169}
1558	{347, 278}
1559	{557, 198}
1560	{775, 535}
1561	{850, 651}
1562	{865, 436}
1563	{384, 267}
1564	{801, 19}
1565	{218, 533}
1566	{101, 375}
1567	{672, 730}
1568	{378, 37}
1569	{291, 27}
1570	{296, 833}
1571	{160, 850}
1572	{517, 693}
1573	{110, 151}
1574	{912, 280}
1575	{846, 551}
1576	{896, 643}
1577	{113, 350}
1578	{308, 181}
1579	{360, 662}
1580	{480, 587}
1581	{816, 525}
1582	{552, 807}
1583	{393, 147}
1584	{822, 47}
1585	{226, 859}
1586	{874, 694}
1587	{586, 710}
1588	{921, 941}
1589	{89, 803}
1590	{233, 587}
1591	{522, 387}
1592	{140, 134}
1593	{864, 890}
1594	{480, 644}
1595	{890, 42}
1596	{392, 350}
1597	{206, 510}
1598	{705, 220}
1599	{420, 22}
1600	{442, 341}
1601	{10, 500}
1602	{35, 119}
1603	{88, 832}
1604	{528, 681}
1605	{840, 245}
1606	{83, 731}
1607	{657, 579}
1608	{113, 782}
1609	{765, 461}
1610	{376, 684}
1611	{129, 924}
1612	{402, 902}
1613	{97, 807}
1614	{728, 413}
1615	{228, 852}
1616	{294, 175}
1617	{330, 355}
1618	{812, 231}
1619	{857, 711}
1620	{29, 429}
1621	{901, 54}
1622	{369, 140}
1623	{170, 567}
1624	{272, 728}
1625	{544, 810}
1626	{187, 14}
1627	{405, 151}
1628	{458, 463}
1629	{169, 682}
1630	{482, 278}
1631	{858, 623}
1632	{736, 714}
1633	{410, 596}
1634	{836, 134}
1635	{41, 141}
1636	{297, 13}
1637	{625, 765}
1638	{904, 709}
1639	{73, 345}
1640	{44, 62}
1641	{602, 215}
1642	{292, 335}
1643	{776, 194}
1644	{376, 556}
1645	{770, 279}
1646	{929, 202}
1647	{942, 679}
1648	{730, 325}
1649	{587, 380}
1650	{521, 187}
1651	{780, 110}
1652	{355, 215}
1653	{376, 158}
1654	{648, 682}
1655	{35, 228}
1656	{80, 941}
1657	{372, 79}
1658	{746, 853}
1659	{461, 926}
1660	{188, 172}
1661	{904, 42}
1662	{188, 620}
1663	{697, 69}
1664	{211, 403}
1665	{769, 713}
1666	{280, 603}
1667	{98, 439}
1668	{334, 175}
1669	{265, 627}
1670	{134, 551}
1671	{281, 340}
1672	{392, 281}
1673	{476, 85}
1674	{496, 207}
1675	{344, 172}
1676	{138, 508}
1677	{546, 127}
1678	{730, 622}
1679	{577, 26}
1680	{809, 419}
1681	{465, 338}
1682	{400, 383}
1683	{917, 607}
1684	{472, 440}
1685	{716, 316}
1686	{518, 335}
1687	{352, 708}
1688	{932, 573}
1689	{73, 686}
1690	{34, 219}
1691	{464, 934}
1692	{777, 874}
1693	{573, 350}
1694	{649, 660}
1695	{619, 831}
1696	{617, 370}
1697	{355, 453}
1698	{152, 42}
1699	{757, 133}
1700	{299, 211}
1701	{785, 85}
1702	{65, 539}
1703	{904, 652}
1704	{80, 139}
1705	{298, 909}
1706	{665, 868}
1707	{138, 339}
1708	{850, 757}
1709	{259, 509}
1710	{760, 333}
1711	{266, 37}
1712	{436, 309}
1713	{675, 188}
1714	{65, 693}
1715	{66, 373}
1716	{818, 285}
1717	{536, 83}
1718	{499, 789}
1719	{636, 422}
1720	{829, 215}
1721	{32, 153}
1722	{48, 566}
1723	{928, 84}
1724	{355, 861}
1725	{698, 938}
1726	{518, 719}
1727	{315, 575}
1728	{854, 279}
1729	{80, 117}
1730	{456, 347}
1731	{377, 694}
1732	{482, 557}
1733	{594, 795}
1734	{378, 646}
1735	{784, 673}
1736	{589, 214}
1737	{55, 559}
1738	{871, 255}
1739	{161, 111}
1740	{521, 868}
1741	{634, 437}
1742	{829, 901}
1743	{864, 143}
1744	{3, 909}
1745	{205, 806}
1746	{3, 349}
1747	{475, 677}
1748	{117, 118}
1749	{795, 667}
1750	{862, 174}
1751	{148, 221}
1752	{138, 115}
1753	{480, 758}
1754	{456, 340}
1755	{789, 517}
1756	{579, 620}
1757	{757, 374}
1758	{795, 63}
1759	{861, 838}
1760	{90, 420}
1761	{913, 723}
1762	{408, 80}
1763	{260, 110}
1764	{400, 29}
1765	{501, 359}
1766	{706, 66}
1767	{490, 46}
1768	{108, 76}
1769	{357, 150}
1770	{280, 515}
1771	{816, 936}
1772	{766, 343}
1773	{289, 242}
1774	{889, 874}
1775	{346, 6}
1776	{380, 142}
1777	{57, 930}
1778	{381, 671}
1779	{456, 217}
1780	{890, 523}
1781	{49, 278}
1782	{571, 414}
1783	{820, 622}
1784	{364, 588}
1785	{121, 891}
1786	{872, 490}
1787	{776, 811}
1788	{341, 262}
1789	{113, 206}
1790	{203, 381}
1791	{459, 743}
1792	{274, 423}
1793	{176, 652}
1794	{241, 14}
1795	{354, 746}
1796	{486, 567}
1797	{746, 612}
1798	{217, 754}
1799	{552, 293}
1800	{400, 15}
1801	{161, 217}
1802	{97, 812}
1803	{624, 869}
1804	{202, 274}
1805	{265, 694}
1806	{601, 394}
1807	{409, 740}
1808	{755, 885}
1809	{227, 460}
1810	{418, 746}
1811	{769, 314}
1812	{77, 261}
1813	{404, 645}
1814	{155, 675}
1815	{493, 286}
1816	{804, 613}
1817	{530, 589}
1818	{139, 879}
1819	{164, 237}
1820	{737, 775}
1821	{152, 451}
1822	{832, 303}
1823	{585, 795}
1824	{200, 633}
1825	{555, 399}
1826	{466, 234}
1827	{611, 926}
1828	{550, 55}
1829	{888, 113}
1830	{182, 359}
1831	{432, 456}
1832	{123, 724}
1833	{627, 565}
1834	{349, 22}
1835	{216, 360}
1836	{509, 223}
1837	{514, 39}
1838	{900, 380}
1839	{810, 813}
1840	{64, 806}
1841	{657, 852}
1842	{264, 193}
1843	{578, 397}
1844	{27, 147}
1845	{296, 155}
1846	{181, 103}
1847	{705, 45}
1848	{928, 770}
1849	{657, 811}
1850	{279, 383}
1851	{58, 932}
1852	{589, 799}
1853	{482, 599}
1854	{873, 519}
1855	{753, 814}
1856	{781, 93}
1857	{160, 174}
1858	{858, 887}
1859	{259, 270}
1860	{649, 613}
1861	{238, 567}
1862	{451, 135}
1863	{917, 502}
1864	{188, 167}
1865	{861, 342}
1866	{177, 637}
1867	{447, 463}
1868	{176, 320}
1869	{642, 924}
1870	{477, 262}
1871	{649, 319}
1872	{914, 491}
1873	{754, 759}
1874	{281, 613}
1875	{384, 621}
1876	{386, 390}
1877	{854, 639}
1878	{5, 190}
1879	{696, 795}
1880	{329, 196}
1881	{896, 500}
1882	{611, 508}
1883	{25, 926}
1884	{862, 167}
1885	{305, 435}
1886	{467, 389}
1887	{34, 149}
1888	{512, 838}
1889	{673, 441}
1890	{161, 381}
1891	{858, 118}
1892	{292, 781}
1893	{34, 588}
1894	{738, 205}
1895	{370, 910}
1896	{468, 494}
1897	{706, 188}
1898	{827, 46}
1899	{252, 406}
1900	{299, 323}
1901	{568, 604}
1902	{229, 791}
1903	{728, 457}
1904	{864, 258}
1905	{930, 422}
1906	{805, 831}
1907	{707, 231}
1908	{734, 695}
1909	{528, 333}
1910	{680, 70}
1911	{457, 730}
1912	{5, 93}
1913	{476, 271}
1914	{153, 63}
1915	{634, 814}
1916	{152, 822}
1917	{56, 502}
1918	{163, 445}
1919	{339, 19}
1920	{568, 847}
1921	{736, 619}
1922	{537, 524}
1923	{402, 911}
1924	{594, 612}
1925	{835, 862}
1926	{888, 693}
1927	{664, 84}
1928	{617, 542}
1929	{694, 534}
1930	{812, 118}
1931	{618, 52}
1932	{60, 422}
1933	{57, 638}
1934	{345, 606}
1935	{233, 749}
1936	{6, 766}
1937	{724, 759}
1938	{598, 375}
1939	{633, 691}
1940	{137, 715}
1941	{193, 719}
1942	{141, 927}
1943	{321, 549}
1944	{380, 511}
1945	{865, 874}
1946	{612, 302}
1947	{511, 103}
1948	{93, 925}
1949	{144, 881}
1950	{466, 828}
1951	{104, 480}
1952	{355, 651}
1953	{347, 187}
1954	{25, 878}
1955	{714, 341}
1956	{785, 298}
1957	{330, 659}
1958	{149, 510}
1959	{450, 852}
1960	{745, 701}
1961	{800, 356}
1962	{19, 750}
1963	{875, 495}
1964	{709, 230}
1965	{770, 213}
1966	{696, 665}
1967	{202, 726}
1968	{124, 110}
1969	{489, 62}
1970	{644, 711}
1971	{8, 125}
1972	{771, 253}
1973	{849, 927}
1974	{40, 770}
1975	{232, 222}
1976	{228, 550}
1977	{560, 637}
1978	{584, 22}
1979	{928, 791}
1980	{772, 543}
1981	{440, 498}
1982	{810, 366}
1983	{868, 598}
1984	{16, 40}
1985	{146, 724}
1986	{826, 588}
1987	{445, 927}
1988	{720, 593}
1989	{24, 885}
1990	{386, 341}
1991	{832, 152}
1992	{267, 739}
1993	{757, 446}
1994	{594, 166}
1995	{799, 847}
1996	{532, 790}
1997	{299, 141}
1998	{610, 363}
1999	{689, 158}
2000	{181, 758}
2001	{409, 509}
2002	{570, 562}
2003	{578, 850}
2004	{688, 109}
2005	{360, 229}
2006	{456, 716}
2007	{180, 70}
2008	{569, 887}
2009	{371, 382}
2010	{539, 119}
2011	{873, 35}
2012	{827, 220}
2013	{222, 415}
2014	{2, 847}
2015	{612, 734}
2016	{169, 933}
2017	{106, 335}
2018	{737, 684}
2019	{840, 384}
2020	{146, 543}
2021	{393, 701}
2022	{630, 727}
2023	{857, 381}
2024	{565, 126}
2025	{210, 693}
2026	{272, 467}
2027	{537, 828}
2028	{306, 37}
2029	{285, 447}
2030	{478, 742}
2031	{938, 669}
2032	{800, 624}
2033	{781, 590}
2034	{321, 499}
2035	{124, 638}
2036	{132, 734}
2037	{163, 390}
2038	{875, 926}
2039	{850, 611}
2040	{602, 362}
2041	{459, 692}
2042	{102, 238}
2043	{72, 132}
2044	{333, 693}
2045	{233, 213}
2046	{490, 150}
2047	{724, 167}
2048	{80, 98}
2049	{568, 829}
2050	{521, 387}
2051	{464, 799}
2052	{849, 423}
2053	{826, 477}
2054	{563, 213}
2055	{592, 418}
2056	{600, 755}
2057	{649, 108}
2058	{184, 651}
2059	{322, 631}
2060	{446, 310}
2061	{762, 516}
2062	{745, 865}
2063	{421, 759}
2064	{264, 712}
2065	{748, 348}
2066	{672, 607}
2067	{74, 175}
2068	{259, 580}
2069	{660, 182}
2070	{905, 805}
2071	{224, 225}
2072	{8, 543}
2073	{464, 865}
2074	{833, 22}
2075	{272, 765}
2076	{480, 536}
2077	{352, 171}
2078	{85, 478}
2079	{744, 922}
2080	{256, 733}
2081	{26, 68}
2082	{785, 805}
2083	{417, 121}
2084	{673, 399}
2085	{187, 44}
2086	{54, 343}
2087	{379, 335}
2088	{337, 99}
2089	{881, 532}
2090	{883, 693}
2091	{480, 561}
2092	{731, 620}
2093	{273, 261}
2094	{65, 871}
2095	{412, 743}
2096	{545, 791}
2097	{557, 287}
2098	{275, 676}
2099	{37, 799}
2100	{848, 809}
2101	{633, 326}
2102	{290, 661}
2103	{880, 912}
2104	{169, 431}
2105	{888, 445}
2106	{81, 618}
2107	{931, 764}
2108	{108, 758}
2109	{129, 812}
2110	{49, 619}
2111	{793, 161}
2112	{924, 84}
2113	{128, 877}
2114	{209, 449}
2115	{697, 842}
2116	{817, 831}
2117	{664, 294}
2118	{464, 537}
2119	{732, 492}
2120	{225, 294}
2121	{274, 115}
2122	{170, 919}
2123	{347, 335}
2124	{165, 798}
2125	{215, 319}
2126	{475, 942}
2127	{121, 100}
2128	{490, 391}
2129	{521, 858}
2130	{389, 287}
2131	{642, 546}
2132	{217, 835}
2133	{928, 620}
2134	{154, 507}
2135	{268, 517}
2136	{889, 596}
2137	{908, 493}
2138	{898, 325}
2139	{113, 674}
2140	{199, 359}
2141	{243, 911}
2142	{169, 238}
2143	{752, 93}
2144	{832, 571}
2145	{723, 37}
2146	{162, 643}
2147	{612, 157}
2148	{571, 636}
2149	{476, 359}
2150	{488, 219}
2151	{581, 871}
2152	{242, 756}
2153	{760, 393}
2154	{646, 174}
2155	{360, 837}
2156	{757, 22}
2157	{450, 166}
2158	{864, 863}
2159	{443, 748}
2160	{155, 478}
2161	{186, 556}
2162	{64, 151}
2163	{915, 694}
2164	{852, 711}
2165	{219, 829}
2166	{640, 241}
2167	{928, 794}
2168	{472, 399}
2169	{677, 79}
2170	{753, 741}
2171	{675, 263}
2172	{700, 597}
2173	{484, 718}
2174	{568, 678}
2175	{273, 340}
2176	{280, 6}
2177	{210, 18}
2178	{745, 829}
2179	{581, 6}
2180	{635, 637}
2181	{466, 748}
2182	{728, 491}
2183	{64, 854}
2184	{694, 486}
2185	{363, 829}
2186	{937, 911}
2187	{329, 103}
2188	{483, 647}
2189	{632, 585}
2190	{173, 126}
2191	{747, 301}
2192	{198, 207}
2193	{332, 438}
2194	{931, 359}
2195	{419, 516}
2196	{272, 189}
2197	{88, 146}
2198	{372, 444}
2199	{648, 165}
2200	{563, 198}
2201	{462, 31}
2202	{446, 599}
2203	{535, 823}
2204	{771, 851}
2205	{808, 281}
2206	{378, 247}
2207	{293, 806}
2208	{720, 726}
2209	{168, 53}
2210	{770, 181}
2211	{754, 596}
2212	{201, 623}
2213	{745, 301}
2214	{913, 234}
2215	{643, 326}
2216	{344, 458}
2217	{82, 94}
2218	{251, 190}
2219	{332, 31}
2220	{32, 918}
2221	{408, 859}
2222	{890, 85}
2223	{845, 14}
2224	{812, 342}
2225	{354, 295}
2226	{386, 132}
2227	{394, 124}
2228	{450, 69}
2229	{643, 564}
2230	{99, 691}
2231	{80, 265}
2232	{170, 483}
2233	{678, 646}
2234	{115, 197}
2235	{939, 541}
2236	{681, 251}
2237	{449, 3}
2238	{785, 340}
2239	{328, 399}
2240	{706, 599}
2241	{704, 880}
2242	{417, 615}
2243	{474, 807}
2244	{67, 733}
2245	{99, 407}
2246	{530, 755}
2247	{745, 170}
2248	{466, 838}
2249	{98, 51}
2250	{489, 187}
2251	{627, 644}
2252	{658, 884}
2253	{554, 742}
2254	{208, 773}
2255	{275, 268}
2256	{508, 141}
2257	{11, 711}
2258	{575, 583}
2259	{672, 395}
2260	{138, 43}
2261	{106, 325}
2262	{376, 702}
2263	{147, 204}
2264	{17, 852}
2265	{609, 350}
2266	{493, 814}
2267	{225, 660}
2268	{897, 557}
2269	{680, 3}
2270	{344, 591}
2271	{720, 929}
2272	{606, 463}
2273	{803, 500}
2274	{585, 434}
2275	{201, 799}
2276	{136, 343}
2277	{827, 675}
2278	{544, 23}
2279	{465, 690}
2280	{928, 766}
2281	{88, 161}
2282	{684, 237}
2283	{716, 318}
2284	{345, 317}
2285	{882, 471}
2286	{937, 250}
2287	{451, 613}
2288	{889, 839}
2289	{939, 279}
2290	{881, 67}
2291	{572, 93}
2292	{770, 165}
2293	{2, 831}
2294	{265, 316}
2295	{454, 103}
2296	{905, 775}
2297	{344, 603}
2298	{537, 290}
2299	{649, 26}
2300	{452, 501}
2301	{209, 316}
2302	{674, 359}
2303	{496, 745}
2304	{593, 140}
2305	{532, 813}
2306	{433, 31}
2307	{100, 85}
2308	{527, 175}
2309	{491, 643}
2310	{258, 59}
2311	{400, 234}
2312	{824, 548}
2313	{652, 519}
2314	{4, 591}
2315	{565, 645}
2316	{53, 886}
2317	{258, 438}
2318	{460, 367}
2319	{10, 182}
2320	{939, 245}
2321	{285, 799}
2322	{208, 591}
2323	{779, 780}
2324	{396, 940}
2325	{865, 477}
2326	{928, 305}
2327	{637, 494}
2328	{859, 156}
2329	{622, 238}
2330	{562, 135}
2331	{16, 178}
2332	{116, 292}
2333	{861, 543}
2334	{768, 143}
2335	{605, 631}
2336	{336, 530}
2337	{328, 176}
2338	{746, 444}
2339	{393, 138}
2340	{283, 758}
2341	{729, 475}
2342	{176, 22}
2343	{315, 839}
2344	{760, 322}
2345	{130, 510}
2346	{277, 583}
2347	{618, 666}
2348	{149, 830}
2349	{73, 705}
2350	{62, 246}
2351	{250, 557}
2352	{321, 134}
2353	{371, 662}
2354	{160, 929}
2355	{136, 786}
2356	{357, 69}
2357	{648, 44}
2358	{72, 753}
2359	{64, 421}
2360	{777, 718}
2361	{816, 225}
2362	{456, 77}
2363	{625, 565}
2364	{106, 150}
2365	{828, 663}
2366	{902, 343}
2367	{312, 478}
2368	{917, 919}
2369	{259, 4}
2370	{608, 660}
2371	{396, 4}
2372	{480, 519}
2373	{894, 95}
2374	{184, 621}
2375	{665, 427}
2376	{609, 639}
2377	{37, 925}
2378	{216, 879}
2379	{469, 334}
2380	{736, 650}
2381	{400, 508}
2382	{211, 357}
2383	{776, 564}
2384	{561, 697}
2385	{904, 262}
2386	{298, 300}
2387	{268, 165}
2388	{386, 27}
2389	{731, 727}
2390	{860, 719}
2391	{604, 37}
2392	{345, 937}
2393	{698, 494}
2394	{480, 291}
2395	{792, 670}
2396	{297, 134}
2397	{571, 707}
2398	{293, 725}
2399	{602, 444}
2400	{85, 933}
2401	{720, 187}
2402	{586, 459}
2403	{121, 130}
2404	{461, 902}
2405	{514, 819}
2406	{208, 325}
2407	{768, 372}
2408	{395, 20}
2409	{152, 899}
2410	{865, 603}
2411	{533, 775}
2412	{626, 323}
2413	{943, 815}
2414	{809, 457}
2415	{665, 481}
2416	{18, 838}
2417	{504, 295}
2418	{497, 50}
2419	{682, 634}
2420	{400, 900}
2421	{892, 260}
2422	{99, 84}
2423	{756, 806}
2424	{562, 133}
2425	{344, 899}
2426	{697, 470}
2427	{118, 655}
2428	{696, 847}
2429	{552, 158}
2430	{466, 895}
2431	{110, 254}
2432	{521, 660}
2433	{370, 941}
2434	{563, 223}
2435	{538, 382}
2436	{97, 125}
2437	{852, 269}
2438	{281, 103}
2439	{769, 14}
2440	{819, 127}
2441	{802, 354}
2442	{122, 261}
2443	{158, 231}
2444	{23, 847}
2445	{840, 771}
2446	{11, 236}
2447	{397, 455}
2448	{614, 799}
2449	{803, 211}
2450	{880, 554}
2451	{370, 134}
2452	{315, 653}
2453	{2, 287}
2454	{101, 429}
2455	{256, 725}
2456	{361, 218}
2457	{73, 33}
2458	{160, 488}
2459	{308, 748}
2460	{85, 454}
2461	{933, 143}
2462	{282, 188}
2463	{342, 46}
2464	{578, 287}
2465	{272, 826}
2466	{650, 226}
2467	{780, 764}
2468	{747, 911}
2469	{358, 583}
2470	{662, 278}
2471	{57, 239}
2472	{52, 735}
2473	{594, 781}
2474	{225, 782}
2475	{924, 206}
2476	{58, 831}
2477	{696, 530}
2478	{219, 943}
2479	{192, 163}
2480	{18, 279}
2481	{298, 773}
2482	{401, 163}
2483	{701, 78}
2484	{393, 227}
2485	{449, 131}
2486	{906, 819}
2487	{666, 907}
2488	{698, 254}
2489	{3, 764}
2490	{294, 823}
2491	{843, 790}
2492	{250, 54}
2493	{653, 326}
2494	{683, 108}
2495	{444, 317}
2496	{392, 129}
2497	{538, 227}
2498	{576, 7}
2499	{816, 29}
2500	{67, 461}
2501	{432, 746}
2502	{702, 935}
2503	{714, 499}
2504	{856, 420}
2505	{483, 435}
2506	{653, 102}
2507	{329, 406}
2508	{569, 100}
2509	{865, 284}
2510	{649, 778}
2511	{145, 148}
2512	{338, 311}
2513	{105, 742}
2514	{122, 596}
2515	{48, 180}
2516	{138, 61}
2517	{683, 628}
2518	{889, 681}
2519	{531, 78}
2520	{308, 37}
2521	{825, 842}
2522	{897, 286}
2523	{69, 478}
2524	{794, 95}
2525	{886, 471}
2526	{219, 615}
2527	{659, 411}
2528	{393, 895}
2529	{752, 180}
2530	{70, 95}
2531	{401, 446}
2532	{433, 709}
2533	{356, 399}
2534	{704, 43}
2535	{850, 554}
2536	{440, 141}
2537	{539, 165}
2538	{905, 707}
2539	{386, 253}
2540	{251, 316}
2541	{676, 564}
2542	{810, 551}
2543	{496, 536}
2544	{335, 223}
2545	{480, 401}
2546	{721, 723}
2547	{906, 918}
2548	{300, 454}
2549	{282, 684}
2550	{67, 923}
2551	{442, 818}
2552	{833, 658}
2553	{264, 299}
2554	{57, 409}
2555	{99, 197}
2556	{410, 790}
2557	{793, 35}
2558	{800, 475}
2559	{113, 365}
2560	{115, 310}
2561	{128, 138}
2562	{656, 116}
2563	{114, 847}
2564	{550, 551}
2565	{825, 236}
2566	{138, 269}
2567	{667, 606}
2568	{259, 541}
2569	{584, 20}
2570	{402, 421}
2571	{297, 654}
2572	{104, 295}
2573	{921, 669}
2574	{489, 681}
2575	{697, 33}
2576	{817, 401}
2577	{578, 699}
2578	{575, 359}
2579	{685, 671}
2580	{755, 429}
2581	{704, 788}
2582	{752, 877}
2583	{608, 52}
2584	{529, 932}
2585	{460, 260}
2586	{382, 895}
2587	{243, 396}
2588	{137, 734}
2589	{467, 103}
2590	{644, 606}
2591	{388, 366}
2592	{328, 29}
2593	{80, 327}
2594	{592, 715}
2595	{565, 38}
2596	{385, 501}
2597	{302, 782}
2598	{370, 827}
2599	{20, 789}
2600	{527, 759}
2601	{264, 781}
2602	{424, 642}
2603	{700, 141}
2604	{577, 788}
2605	{235, 831}
2606	{617, 813}
2607	{776, 54}
2608	{723, 483}
2609	{753, 191}
2610	{304, 766}
2611	{33, 118}
2612	{588, 766}
2613	{752, 477}
2614	{588, 918}
2615	{298, 343}
2616	{730, 822}
2617	{923, 311}
2618	{272, 733}
2619	{181, 775}
2620	{941, 814}
2621	{81, 327}
2622	{746, 38}
2623	{882, 438}
2624	{938, 570}
2625	{816, 765}
2626	{6, 839}
2627	{364, 493}
2628	{96, 314}
2629	{526, 391}
2630	{776, 674}
2631	{497, 308}
2632	{505, 717}
2633	{147, 158}
2634	{289, 806}
2635	{754, 37}
2636	{411, 766}
2637	{737, 115}
2638	{44, 663}
2639	{17, 667}
2640	{73, 849}
2641	{584, 889}
2642	{851, 902}
2643	{674, 399}
2644	{888, 5}
2645	{376, 706}
2646	{800, 130}
2647	{408, 567}
2648	{300, 125}
2649	{867, 549}
2650	{469, 807}
2651	{462, 71}
2652	{357, 615}
2653	{605, 766}
2654	{257, 185}
2655	{498, 364}
2656	{238, 863}
2657	{711, 407}
2658	{817, 396}
2659	{270, 311}
2660	{139, 663}
2661	{648, 469}
2662	{448, 593}
2663	{265, 204}
2664	{807, 503}
2665	{440, 292}
2666	{206, 14}
2667	{504, 535}
2668	{456, 753}
2669	{802, 662}
2670	{456, 85}
2671	{896, 338}
2672	{881, 428}
2673	{779, 885}
2674	{212, 396}
2675	{411, 125}
2676	{425, 526}
2677	{400, 14}
2678	{84, 78}
2679	{266, 163}
2680	{64, 917}
2681	{432, 817}
2682	{880, 17}
2683	{229, 591}
2684	{860, 181}
2685	{499, 301}
2686	{926, 263}
2687	{152, 847}
2688	{433, 691}
2689	{447, 799}
2690	{755, 828}
2691	{890, 94}
2692	{49, 693}
2693	{818, 915}
2694	{385, 482}
2695	{545, 863}
2696	{74, 63}
2697	{913, 90}
2698	{480, 514}
2699	{369, 911}
2700	{892, 45}
2701	{122, 435}
2702	{361, 513}
2703	{284, 271}
2704	{913, 238}
2705	{809, 275}
2706	{308, 630}
2707	{928, 812}
2708	{755, 455}
2709	{601, 754}
2710	{660, 727}
2711	{838, 639}
2712	{451, 301}
2713	{213, 175}
2714	{192, 337}
2715	{792, 558}
2716	{129, 75}
2717	{73, 202}
2718	{884, 422}
2719	{36, 260}
2720	{930, 506}
2721	{57, 539}
2722	{792, 121}
2723	{427, 116}
2724	{488, 514}
2725	{624, 103}
2726	{376, 623}
2727	{594, 350}
2728	{824, 79}
2729	{593, 74}
2730	{121, 885}
2731	{264, 349}
2732	{21, 102}
2733	{145, 3}
2734	{763, 828}
2735	{545, 822}
2736	{88, 251}
2737	{193, 116}
2738	{98, 653}
2739	{632, 153}
2740	{506, 789}
2741	{787, 436}
2742	{313, 663}
2743	{824, 799}
2744	{763, 406}
2745	{362, 900}
2746	{600, 738}
2747	{507, 455}
2748	{532, 181}
2749	{656, 887}
2750	{940, 326}
2751	{216, 253}
2752	{626, 189}
2753	{784, 823}
2754	{38, 591}
2755	{512, 468}
2756	{757, 679}
2757	{200, 148}
2758	{245, 830}
2759	{507, 124}
2760	{462, 166}
2761	{778, 165}
2762	{404, 180}
2763	{436, 837}
2764	{257, 812}
2765	{152, 238}
2766	{269, 446}
2767	{408, 145}
2768	{298, 845}
2769	{840, 583}
2770	{586, 316}
2771	{614, 566}
2772	{784, 294}
2773	{878, 726}
2774	{34, 21}
2775	{352, 254}
2776	{14, 615}
2777	{889, 611}
2778	{916, 461}
2779	{73, 766}
2780	{250, 838}
2781	{532, 366}
2782	{104, 177}
2783	{577, 124}
2784	{756, 189}
2785	{89, 581}
2786	{744, 85}
2787	{705, 479}
2788	{554, 260}
2789	{53, 366}
2790	{358, 15}
2791	{24, 464}
2792	{682, 911}
2793	{354, 790}
2794	{932, 143}
2795	{252, 127}
2796	{41, 151}
2797	{569, 521}
2798	{465, 165}
2799	{707, 831}
2800	{72, 295}
2801	{261, 286}
2802	{451, 214}
2803	{250, 676}
2804	{35, 668}
2805	{730, 837}
2806	{722, 19}
2807	{274, 607}
2808	{488, 895}
2809	{448, 766}
2810	{656, 572}
2811	{376, 159}
2812	{194, 388}
2813	{108, 239}
2814	{176, 833}
2815	{691, 190}
2816	{934, 590}
2817	{681, 260}
2818	{827, 678}
2819	{227, 781}
2820	{504, 213}
2821	{98, 530}
2822	{88, 303}
2823	{896, 373}
2824	{181, 686}
2825	{915, 469}
2826	{5, 863}
2827	{214, 399}
2828	{208, 257}
2829	{97, 55}
2830	{786, 531}
2831	{552, 559}
2832	{97, 629}
2833	{131, 405}
2834	{931, 205}
2835	{193, 793}
2836	{712, 302}
2837	{195, 327}
2838	{816, 530}
2839	{817, 725}
2840	{254, 719}
2841	{849, 148}
2842	{139, 892}
2843	{876, 151}
2844	{689, 731}
2845	{545, 485}
2846	{180, 540}
2847	{681, 310}
2848	{362, 454}
2849	{48, 396}
2850	{452, 261}
2851	{547, 487}
2852	{872, 330}
2853	{837, 37}
2854	{529, 781}
2855	{891, 716}
2856	{942, 47}
2857	{194, 879}
2858	{454, 687}
2859	{496, 62}
2860	{594, 206}
2861	{122, 924}
2862	{128, 812}
2863	{636, 294}
2864	{555, 715}
2865	{705, 42}
2866	{392, 143}
2867	{69, 103}
2868	{310, 6}
2869	{209, 546}
2870	{241, 139}
2871	{722, 812}
2872	{904, 852}
2873	{549, 749}
2874	{314, 655}
2875	{521, 727}
2876	{890, 309}
2877	{492, 639}
2878	{105, 162}
2879	{677, 71}
2880	{451, 357}
2881	{912, 854}
2882	{217, 194}
2883	{597, 581}
2884	{44, 159}
2885	{784, 599}
2886	{907, 235}
2887	{555, 124}
2888	{639, 143}
2889	{128, 549}
2890	{835, 527}
2891	{843, 428}
2892	{497, 869}
2893	{699, 902}
2894	{612, 349}
2895	{29, 143}
2896	{613, 174}
2897	{927, 591}
2898	{609, 95}
2899	{112, 774}
2900	{704, 123}
2901	{787, 596}
2902	{136, 847}
2903	{843, 355}
2904	{10, 940}
2905	{878, 311}
2906	{875, 631}
2907	{617, 899}
2908	{874, 668}
2909	{877, 367}
2910	{64, 751}
2911	{218, 114}
2912	{724, 661}
2913	{194, 637}
2914	{485, 31}
2915	{210, 550}
2916	{734, 902}
2917	{211, 326}
2918	{755, 126}
2919	{720, 857}
2920	{60, 885}
2921	{165, 759}
2922	{148, 445}
2923	{377, 676}
2924	{265, 253}
2925	{561, 885}
2926	{36, 918}
2927	{83, 815}
2928	{472, 353}
2929	{345, 45}
2930	{599, 263}
2931	{352, 659}
2932	{602, 715}
2933	{52, 311}
2934	{883, 813}
2935	{190, 942}
2936	{341, 398}
2937	{771, 412}
2938	{116, 356}
2939	{201, 191}
2940	{560, 185}
2941	{256, 925}
2942	{841, 522}
2943	{793, 258}
2944	{563, 533}
2945	{389, 462}
2946	{569, 908}
2947	{896, 166}
2948	{770, 794}
2949	{432, 907}
2950	{506, 285}
2951	{196, 942}
2952	{329, 925}
2953	{531, 693}
2954	{101, 277}
2955	{443, 661}
2956	{768, 546}
2957	{506, 850}
2958	{81, 801}
2959	{784, 691}
2960	{571, 86}
2961	{738, 365}
2962	{898, 454}
2963	{360, 150}
2964	{499, 502}
2965	{226, 62}
2966	{105, 886}
2967	{904, 815}
2968	{553, 802}
2969	{434, 469}
2970	{481, 706}
2971	{840, 190}
2972	{244, 781}
2973	{368, 784}
2974	{522, 861}
2975	{645, 550}
2976	{316, 790}
2977	{698, 373}
2978	{173, 215}
2979	{431, 391}
2980	{940, 679}
2981	{160, 69}
2982	{729, 270}
2983	{548, 494}
2984	{168, 667}
2985	{419, 302}
2986	{155, 620}
2987	{28, 927}
2988	{139, 142}
2989	{562, 331}
2990	{490, 163}
2991	{706, 618}
2992	{183, 175}
2993	{105, 633}
2994	{913, 853}
2995	{72, 901}
2996	{817, 301}
2997	{754, 524}
2998	{110, 583}
2999	{576, 774}
