0	{442, 902}
1	{545, 195}
2	{137, 286}
3	{574, 479}
4	{576, 620}
5	{555, 411}
6	{673, 20}
7	{861, 790}
8	{428, 524}
9	{821, 430}
10	{299, 661}
11	{648, 439}
12	{882, 563}
13	{936, 331}
14	{321, 646}
15	{235, 564}
16	{541, 405}
17	{879, 791}
18	{472, 134}
19	{872, 606}
20	{210, 230}
21	{585, 106}
22	{170, 382}
23	{642, 235}
24	{612, 254}
25	{620, 606}
26	{35, 103}
27	{558, 518}
28	{629, 31}
29	{123, 28}
30	{425, 667}
31	{682, 434}
32	{544, 471}
33	{538, 517}
34	{634, 54}
35	{81, 83}
36	{586, 498}
37	{569, 603}
38	{788, 653}
39	{450, 447}
40	{555, 276}
41	{516, 781}
42	{236, 502}
43	{97, 241}
44	{658, 693}
45	{736, 828}
46	{938, 318}
47	{625, 214}
48	{133, 231}
49	{531, 347}
50	{51, 142}
51	{67, 798}
52	{232, 374}
53	{817, 699}
54	{883, 191}
55	{730, 764}
56	{137, 111}
57	{96, 525}
58	{197, 31}
59	{91, 588}
60	{921, 137}
61	{767, 879}
62	{523, 787}
63	{841, 259}
64	{442, 82}
65	{451, 190}
66	{637, 375}
67	{550, 303}
68	{384, 108}
69	{70, 166}
70	{745, 9}
71	{728, 1}
72	{611, 350}
73	{904, 855}
74	{440, 729}
75	{328, 305}
76	{277, 102}
77	{717, 399}
78	{749, 839}
79	{781, 895}
80	{887, 495}
81	{344, 72}
82	{44, 845}
83	{219, 196}
84	{328, 529}
85	{660, 766}
86	{484, 119}
87	{414, 47}
88	{908, 149}
89	{638, 687}
90	{339, 735}
91	{788, 869}
92	{347, 742}
93	{113, 147}
94	{530, 151}
95	{490, 542}
96	{680, 313}
97	{820, 447}
98	{360, 836}
99	{536, 230}
100	{729, 503}
101	{210, 7}
102	{674, 212}
103	{300, 103}
104	{49, 689}
105	{267, 615}
106	{210, 500}
107	{338, 21}
108	{242, 460}
109	{33, 726}
110	{418, 53}
111	{118, 919}
112	{466, 732}
113	{672, 121}
114	{706, 244}
115	{266, 891}
116	{74, 620}
117	{136, 665}
118	{658, 223}
119	{41, 133}
120	{554, 478}
121	{16, 524}
122	{845, 902}
123	{908, 270}
124	{540, 215}
125	{796, 70}
126	{360, 191}
127	{299, 559}
128	{168, 922}
129	{467, 222}
130	{73, 506}
131	{553, 388}
132	{837, 302}
133	{779, 292}
134	{588, 261}
135	{184, 198}
136	{129, 522}
137	{834, 934}
138	{849, 564}
139	{910, 455}
140	{268, 101}
141	{701, 879}
142	{797, 502}
143	{587, 923}
144	{73, 28}
145	{921, 794}
146	{412, 431}
147	{56, 672}
148	{155, 231}
149	{704, 301}
150	{346, 868}
151	{465, 721}
152	{370, 411}
153	{931, 871}
154	{625, 943}
155	{794, 510}
156	{445, 423}
157	{272, 606}
158	{552, 781}
159	{120, 25}
160	{761, 110}
161	{379, 567}
162	{496, 607}
163	{378, 50}
164	{90, 126}
165	{559, 391}
166	{531, 606}
167	{801, 250}
168	{594, 900}
169	{81, 788}
170	{794, 746}
171	{242, 789}
172	{426, 898}
173	{281, 381}
174	{425, 442}
175	{369, 614}
176	{890, 667}
177	{250, 779}
178	{337, 884}
179	{640, 868}
180	{432, 34}
181	{560, 646}
182	{756, 836}
183	{338, 246}
184	{417, 822}
185	{428, 455}
186	{238, 783}
187	{562, 203}
188	{722, 786}
189	{100, 190}
190	{25, 698}
191	{706, 742}
192	{752, 520}
193	{633, 26}
194	{530, 308}
195	{649, 305}
196	{730, 639}
197	{88, 144}
198	{129, 561}
199	{424, 483}
200	{560, 554}
201	{508, 759}
202	{593, 259}
203	{74, 13}
204	{83, 205}
205	{313, 268}
206	{925, 302}
207	{520, 556}
208	{433, 541}
209	{403, 78}
210	{113, 780}
211	{635, 460}
212	{920, 253}
213	{656, 740}
214	{675, 775}
215	{613, 653}
216	{786, 756}
217	{574, 190}
218	{265, 866}
219	{549, 487}
220	{649, 679}
221	{288, 594}
222	{649, 732}
223	{741, 15}
224	{630, 398}
225	{633, 142}
226	{687, 247}
227	{554, 892}
228	{432, 544}
229	{424, 759}
230	{371, 747}
231	{690, 197}
232	{388, 85}
233	{188, 559}
234	{105, 919}
235	{138, 239}
236	{464, 236}
237	{297, 467}
238	{233, 523}
239	{180, 373}
240	{640, 379}
241	{569, 674}
242	{690, 430}
243	{834, 543}
244	{18, 660}
245	{594, 559}
246	{414, 655}
247	{929, 463}
248	{938, 675}
249	{110, 854}
250	{652, 534}
251	{882, 21}
252	{856, 750}
253	{495, 87}
254	{719, 815}
255	{320, 248}
256	{233, 494}
257	{316, 885}
258	{481, 3}
259	{460, 332}
260	{76, 78}
261	{178, 402}
262	{551, 463}
263	{573, 454}
264	{467, 853}
265	{337, 474}
266	{185, 163}
267	{61, 862}
268	{98, 711}
269	{490, 164}
270	{755, 799}
271	{160, 613}
272	{2, 794}
273	{856, 855}
274	{434, 476}
275	{671, 551}
276	{522, 907}
277	{344, 428}
278	{264, 412}
279	{776, 401}
280	{896, 249}
281	{163, 661}
282	{660, 367}
283	{542, 127}
284	{717, 101}
285	{150, 759}
286	{144, 657}
287	{274, 90}
288	{636, 29}
289	{168, 406}
290	{760, 109}
291	{707, 293}
292	{316, 606}
293	{120, 98}
294	{835, 299}
295	{264, 154}
296	{579, 287}
297	{936, 303}
298	{478, 159}
299	{793, 284}
300	{112, 393}
301	{209, 815}
302	{843, 316}
303	{283, 859}
304	{68, 284}
305	{82, 156}
306	{338, 167}
307	{480, 234}
308	{919, 583}
309	{214, 175}
310	{344, 435}
311	{217, 93}
312	{133, 318}
313	{792, 693}
314	{516, 581}
315	{912, 231}
316	{289, 542}
317	{881, 907}
318	{592, 591}
319	{9, 451}
320	{537, 487}
321	{634, 940}
322	{657, 98}
323	{458, 375}
324	{651, 292}
325	{50, 829}
326	{131, 28}
327	{404, 260}
328	{792, 427}
329	{360, 12}
330	{120, 851}
331	{664, 447}
332	{587, 420}
333	{345, 615}
334	{416, 636}
335	{249, 621}
336	{623, 487}
337	{491, 687}
338	{870, 118}
339	{715, 30}
340	{861, 157}
341	{2, 812}
342	{755, 406}
343	{461, 535}
344	{257, 702}
345	{64, 750}
346	{384, 324}
347	{641, 579}
348	{123, 411}
349	{288, 943}
350	{928, 934}
351	{864, 842}
352	{225, 678}
353	{285, 685}
354	{824, 117}
355	{109, 606}
356	{681, 74}
357	{16, 544}
358	{328, 899}
359	{772, 831}
360	{777, 743}
361	{672, 455}
362	{802, 268}
363	{497, 279}
364	{88, 445}
365	{245, 815}
366	{28, 828}
367	{363, 101}
368	{129, 54}
369	{833, 782}
370	{680, 153}
371	{326, 230}
372	{258, 5}
373	{344, 97}
374	{334, 919}
375	{372, 447}
376	{710, 246}
377	{425, 683}
378	{68, 543}
379	{192, 131}
380	{850, 107}
381	{672, 557}
382	{784, 708}
383	{120, 475}
384	{178, 429}
385	{900, 501}
386	{349, 471}
387	{225, 266}
388	{486, 143}
389	{753, 140}
390	{416, 638}
391	{314, 195}
392	{34, 477}
393	{713, 142}
394	{370, 222}
395	{528, 153}
396	{245, 687}
397	{129, 382}
398	{168, 351}
399	{35, 276}
400	{476, 756}
401	{300, 607}
402	{721, 620}
403	{401, 733}
404	{530, 164}
405	{288, 152}
406	{858, 735}
407	{792, 534}
408	{691, 84}
409	{366, 135}
410	{578, 861}
411	{144, 205}
412	{449, 913}
413	{840, 889}
414	{100, 910}
415	{921, 846}
416	{356, 270}
417	{91, 332}
418	{481, 539}
419	{472, 683}
420	{144, 294}
421	{378, 479}
422	{301, 639}
423	{339, 463}
424	{139, 326}
425	{312, 902}
426	{745, 174}
427	{513, 283}
428	{241, 478}
429	{344, 211}
430	{923, 620}
431	{607, 151}
432	{520, 279}
433	{634, 942}
434	{576, 699}
435	{264, 868}
436	{403, 63}
437	{570, 332}
438	{563, 195}
439	{764, 455}
440	{266, 877}
441	{307, 111}
442	{426, 827}
443	{337, 254}
444	{425, 113}
445	{362, 925}
446	{188, 70}
447	{867, 499}
448	{89, 183}
449	{521, 131}
450	{107, 11}
451	{227, 207}
452	{186, 869}
453	{790, 919}
454	{610, 922}
455	{25, 78}
456	{402, 206}
457	{1, 805}
458	{65, 514}
459	{162, 315}
460	{600, 175}
461	{11, 710}
462	{456, 242}
463	{369, 602}
464	{13, 439}
465	{171, 892}
466	{809, 339}
467	{156, 535}
468	{261, 559}
469	{232, 269}
470	{1, 613}
471	{693, 511}
472	{902, 895}
473	{816, 638}
474	{33, 255}
475	{708, 422}
476	{541, 206}
477	{636, 134}
478	{328, 313}
479	{912, 373}
480	{584, 313}
481	{720, 877}
482	{472, 754}
483	{288, 907}
484	{45, 919}
485	{836, 653}
486	{499, 852}
487	{280, 116}
488	{523, 174}
489	{178, 175}
490	{792, 377}
491	{579, 326}
492	{609, 790}
493	{819, 925}
494	{798, 831}
495	{395, 70}
496	{290, 551}
497	{162, 179}
498	{82, 363}
499	{614, 534}
500	{185, 657}
501	{337, 538}
502	{328, 858}
503	{224, 925}
504	{43, 22}
505	{541, 894}
506	{705, 506}
507	{864, 788}
508	{924, 916}
509	{521, 198}
510	{723, 109}
511	{616, 255}
512	{779, 743}
513	{699, 270}
514	{872, 64}
515	{147, 175}
516	{513, 278}
517	{640, 609}
518	{212, 591}
519	{283, 483}
520	{762, 586}
521	{100, 510}
522	{769, 589}
523	{392, 446}
524	{941, 895}
525	{322, 790}
526	{293, 22}
527	{730, 411}
528	{444, 709}
529	{691, 581}
530	{853, 894}
531	{259, 391}
532	{91, 939}
533	{829, 549}
534	{647, 375}
535	{480, 854}
536	{843, 22}
537	{770, 540}
538	{883, 213}
539	{545, 801}
540	{860, 373}
541	{634, 146}
542	{451, 910}
543	{368, 107}
544	{437, 582}
545	{565, 150}
546	{213, 927}
547	{209, 303}
548	{173, 590}
549	{612, 732}
550	{649, 218}
551	{819, 308}
552	{136, 175}
553	{918, 871}
554	{137, 407}
555	{637, 839}
556	{41, 502}
557	{786, 132}
558	{792, 920}
559	{140, 916}
560	{669, 550}
561	{306, 262}
562	{473, 642}
563	{44, 421}
564	{384, 674}
565	{203, 150}
566	{914, 44}
567	{426, 439}
568	{417, 151}
569	{391, 639}
570	{264, 430}
571	{932, 117}
572	{440, 671}
573	{450, 35}
574	{901, 142}
575	{513, 250}
576	{922, 747}
577	{770, 940}
578	{707, 750}
579	{720, 445}
580	{394, 734}
581	{392, 727}
582	{26, 611}
583	{418, 39}
584	{139, 463}
585	{640, 349}
586	{565, 799}
587	{440, 60}
588	{906, 46}
589	{729, 901}
590	{232, 708}
591	{102, 495}
592	{765, 679}
593	{411, 733}
594	{10, 226}
595	{560, 725}
596	{433, 261}
597	{539, 222}
598	{558, 759}
599	{292, 118}
600	{147, 812}
601	{186, 171}
602	{446, 710}
603	{400, 450}
604	{856, 78}
605	{345, 821}
606	{618, 487}
607	{113, 667}
608	{657, 332}
609	{401, 429}
610	{627, 483}
611	{860, 53}
612	{216, 474}
613	{521, 395}
614	{473, 793}
615	{169, 347}
616	{844, 599}
617	{496, 226}
618	{545, 319}
619	{630, 671}
620	{770, 30}
621	{212, 476}
622	{265, 111}
623	{188, 84}
624	{62, 566}
625	{642, 404}
626	{360, 937}
627	{915, 367}
628	{476, 527}
629	{760, 182}
630	{238, 239}
631	{93, 341}
632	{817, 6}
633	{201, 397}
634	{644, 118}
635	{264, 394}
636	{277, 142}
637	{469, 230}
638	{297, 187}
639	{674, 363}
640	{554, 444}
641	{146, 333}
642	{288, 382}
643	{203, 838}
644	{84, 533}
645	{292, 294}
646	{69, 126}
647	{280, 212}
648	{588, 759}
649	{929, 537}
650	{415, 663}
651	{563, 21}
652	{305, 59}
653	{380, 638}
654	{508, 933}
655	{618, 359}
656	{657, 326}
657	{250, 935}
658	{552, 576}
659	{720, 821}
660	{84, 247}
661	{739, 790}
662	{147, 908}
663	{473, 711}
664	{505, 439}
665	{122, 876}
666	{842, 732}
667	{112, 865}
668	{839, 343}
669	{672, 178}
670	{840, 177}
671	{329, 526}
672	{359, 95}
673	{368, 182}
674	{381, 167}
675	{696, 775}
676	{61, 486}
677	{464, 237}
678	{433, 407}
679	{289, 868}
680	{248, 31}
681	{3, 20}
682	{569, 295}
683	{472, 842}
684	{881, 766}
685	{896, 81}
686	{700, 799}
687	{288, 315}
688	{386, 540}
689	{914, 159}
690	{826, 723}
691	{500, 781}
692	{745, 394}
693	{53, 798}
694	{248, 513}
695	{93, 919}
696	{820, 334}
697	{499, 398}
698	{633, 29}
699	{91, 163}
700	{56, 797}
701	{318, 839}
702	{19, 227}
703	{544, 357}
704	{611, 909}
705	{692, 325}
706	{921, 444}
707	{129, 46}
708	{773, 325}
709	{752, 802}
710	{640, 765}
711	{417, 273}
712	{680, 169}
713	{802, 789}
714	{555, 334}
715	{361, 747}
716	{648, 363}
717	{740, 325}
718	{459, 855}
719	{765, 782}
720	{857, 580}
721	{733, 110}
722	{210, 871}
723	{123, 675}
724	{307, 351}
725	{907, 437}
726	{568, 893}
727	{18, 653}
728	{711, 671}
729	{930, 485}
730	{640, 110}
731	{353, 379}
732	{434, 174}
733	{212, 244}
734	{467, 214}
735	{322, 591}
736	{4, 527}
737	{784, 465}
738	{720, 668}
739	{910, 534}
740	{908, 838}
741	{941, 326}
742	{793, 166}
743	{482, 847}
744	{384, 12}
745	{650, 683}
746	{523, 94}
747	{24, 858}
748	{16, 870}
749	{876, 517}
750	{56, 21}
751	{457, 578}
752	{532, 85}
753	{21, 695}
754	{124, 157}
755	{810, 939}
756	{540, 551}
757	{258, 901}
758	{619, 565}
759	{882, 900}
760	{657, 495}
761	{260, 381}
762	{618, 565}
763	{297, 498}
764	{432, 738}
765	{609, 452}
766	{710, 527}
767	{901, 518}
768	{937, 339}
769	{617, 403}
770	{11, 262}
771	{144, 65}
772	{226, 755}
773	{290, 627}
774	{101, 790}
775	{69, 645}
776	{154, 174}
777	{762, 659}
778	{209, 799}
779	{385, 219}
780	{657, 871}
781	{94, 327}
782	{329, 245}
783	{4, 758}
784	{176, 541}
785	{82, 213}
786	{481, 565}
787	{915, 670}
788	{194, 341}
789	{152, 49}
790	{281, 714}
791	{692, 150}
792	{256, 38}
793	{800, 243}
794	{379, 558}
795	{98, 339}
796	{912, 766}
797	{108, 783}
798	{298, 903}
799	{712, 130}
800	{931, 140}
801	{466, 387}
802	{825, 187}
803	{339, 659}
804	{736, 101}
805	{205, 399}
806	{675, 277}
807	{708, 197}
808	{592, 179}
809	{760, 401}
810	{28, 15}
811	{650, 219}
812	{529, 670}
813	{556, 509}
814	{723, 486}
815	{51, 532}
816	{314, 151}
817	{544, 336}
818	{905, 609}
819	{457, 657}
820	{852, 654}
821	{629, 231}
822	{610, 439}
823	{899, 661}
824	{649, 442}
825	{701, 63}
826	{761, 207}
827	{864, 919}
828	{200, 544}
829	{369, 28}
830	{507, 836}
831	{526, 230}
832	{729, 796}
833	{154, 652}
834	{452, 308}
835	{554, 103}
836	{281, 690}
837	{251, 828}
838	{601, 145}
839	{203, 884}
840	{645, 279}
841	{234, 10}
842	{51, 462}
843	{413, 223}
844	{804, 365}
845	{938, 300}
846	{602, 741}
847	{331, 895}
848	{905, 819}
849	{803, 405}
850	{722, 863}
851	{760, 237}
852	{387, 735}
853	{93, 463}
854	{20, 607}
855	{338, 174}
856	{777, 796}
857	{152, 145}
858	{744, 109}
859	{585, 644}
860	{449, 61}
861	{618, 444}
862	{752, 138}
863	{531, 319}
864	{91, 478}
865	{440, 143}
866	{74, 198}
867	{360, 733}
868	{80, 185}
869	{154, 843}
870	{379, 604}
871	{373, 285}
872	{907, 733}
873	{146, 60}
874	{692, 102}
875	{540, 261}
876	{805, 351}
877	{76, 701}
878	{473, 467}
879	{705, 97}
880	{914, 766}
881	{848, 583}
882	{626, 267}
883	{227, 669}
884	{194, 159}
885	{645, 151}
886	{921, 263}
887	{240, 684}
888	{920, 843}
889	{212, 869}
890	{549, 781}
891	{595, 175}
892	{411, 902}
893	{437, 254}
894	{459, 815}
895	{387, 559}
896	{787, 819}
897	{637, 751}
898	{721, 795}
899	{634, 215}
900	{45, 287}
901	{57, 495}
902	{128, 197}
903	{366, 255}
904	{136, 118}
905	{325, 93}
906	{329, 750}
907	{569, 212}
908	{538, 325}
909	{786, 799}
910	{10, 131}
911	{629, 910}
912	{513, 359}
913	{246, 303}
914	{900, 263}
915	{761, 372}
916	{634, 382}
917	{467, 732}
918	{360, 27}
919	{586, 415}
920	{59, 327}
921	{305, 371}
922	{642, 445}
923	{217, 879}
924	{274, 469}
925	{59, 188}
926	{509, 718}
927	{640, 607}
928	{314, 742}
929	{240, 903}
930	{736, 551}
931	{4, 902}
932	{192, 750}
933	{81, 631}
934	{817, 306}
935	{483, 413}
936	{264, 771}
937	{499, 596}
938	{301, 541}
939	{392, 547}
940	{885, 853}
941	{453, 909}
942	{507, 28}
943	{385, 683}
944	{929, 405}
945	{252, 135}
946	{705, 407}
947	{658, 195}
948	{608, 403}
949	{355, 255}
950	{361, 245}
951	{177, 215}
952	{88, 210}
953	{156, 117}
954	{872, 166}
955	{249, 756}
956	{825, 819}
957	{938, 254}
958	{286, 494}
959	{276, 341}
960	{429, 157}
961	{784, 807}
962	{680, 872}
963	{483, 380}
964	{160, 575}
965	{613, 415}
966	{88, 700}
967	{544, 343}
968	{590, 879}
969	{595, 707}
970	{620, 118}
971	{491, 839}
972	{234, 822}
973	{568, 686}
974	{835, 348}
975	{624, 123}
976	{329, 597}
977	{248, 161}
978	{901, 879}
979	{190, 399}
980	{560, 698}
981	{497, 354}
982	{321, 482}
983	{98, 507}
984	{268, 694}
985	{38, 143}
986	{766, 247}
987	{601, 841}
988	{586, 630}
989	{739, 396}
990	{80, 457}
991	{561, 623}
992	{932, 660}
993	{129, 98}
994	{860, 45}
995	{240, 361}
996	{278, 695}
997	{442, 783}
998	{200, 536}
999	{873, 725}
1000	{721, 862}
1001	{930, 462}
1002	{226, 115}
1003	{346, 654}
1004	{898, 119}
1005	{894, 311}
1006	{874, 22}
1007	{814, 599}
1008	{587, 131}
1009	{593, 118}
1010	{778, 134}
1011	{332, 741}
1012	{176, 193}
1013	{584, 935}
1014	{250, 862}
1015	{508, 638}
1016	{851, 387}
1017	{474, 491}
1018	{362, 549}
1019	{564, 565}
1020	{770, 180}
1021	{680, 115}
1022	{321, 215}
1023	{128, 868}
1024	{898, 671}
1025	{510, 727}
1026	{353, 461}
1027	{105, 597}
1028	{245, 503}
1029	{552, 582}
1030	{194, 666}
1031	{576, 45}
1032	{629, 70}
1033	{376, 537}
1034	{598, 511}
1035	{142, 159}
1036	{140, 717}
1037	{155, 671}
1038	{322, 476}
1039	{257, 123}
1040	{793, 619}
1041	{316, 759}
1042	{730, 79}
1043	{150, 262}
1044	{376, 74}
1045	{18, 684}
1046	{484, 519}
1047	{401, 419}
1048	{697, 518}
1049	{532, 447}
1050	{73, 5}
1051	{642, 852}
1052	{906, 147}
1053	{554, 123}
1054	{235, 199}
1055	{721, 783}
1056	{601, 221}
1057	{275, 693}
1058	{740, 7}
1059	{448, 470}
1060	{21, 381}
1061	{824, 866}
1062	{778, 430}
1063	{473, 818}
1064	{426, 451}
1065	{604, 629}
1066	{797, 22}
1067	{153, 214}
1068	{216, 678}
1069	{819, 358}
1070	{793, 461}
1071	{925, 23}
1072	{707, 694}
1073	{831, 863}
1074	{177, 927}
1075	{105, 29}
1076	{344, 603}
1077	{452, 774}
1078	{683, 484}
1079	{652, 358}
1080	{10, 539}
1081	{618, 173}
1082	{441, 804}
1083	{283, 863}
1084	{716, 479}
1085	{146, 326}
1086	{536, 66}
1087	{360, 556}
1088	{794, 734}
1089	{689, 250}
1090	{728, 539}
1091	{474, 543}
1092	{72, 95}
1093	{740, 558}
1094	{843, 615}
1095	{930, 227}
1096	{780, 853}
1097	{64, 71}
1098	{792, 399}
1099	{493, 375}
1100	{488, 237}
1101	{168, 653}
1102	{852, 719}
1103	{516, 791}
1104	{841, 489}
1105	{544, 817}
1106	{202, 260}
1107	{928, 538}
1108	{860, 61}
1109	{371, 21}
1110	{248, 801}
1111	{104, 646}
1112	{352, 1}
1113	{338, 214}
1114	{755, 357}
1115	{789, 221}
1116	{81, 873}
1117	{745, 462}
1118	{61, 333}
1119	{64, 81}
1120	{10, 642}
1121	{789, 39}
1122	{632, 372}
1123	{51, 524}
1124	{531, 725}
1125	{577, 37}
1126	{87, 295}
1127	{112, 759}
1128	{848, 729}
1129	{453, 213}
1130	{611, 43}
1131	{209, 281}
1132	{646, 582}
1133	{835, 767}
1134	{569, 74}
1135	{509, 637}
1136	{407, 943}
1137	{784, 115}
1138	{852, 406}
1139	{217, 406}
1140	{934, 479}
1141	{480, 300}
1142	{835, 788}
1143	{271, 799}
1144	{146, 211}
1145	{162, 333}
1146	{809, 572}
1147	{506, 511}
1148	{637, 910}
1149	{811, 541}
1150	{563, 765}
1151	{377, 893}
1152	{751, 447}
1153	{275, 519}
1154	{940, 359}
1155	{620, 588}
1156	{603, 231}
1157	{289, 547}
1158	{353, 567}
1159	{889, 717}
1160	{817, 433}
1161	{708, 543}
1162	{874, 790}
1163	{16, 891}
1164	{755, 893}
1165	{418, 405}
1166	{665, 154}
1167	{625, 774}
1168	{450, 518}
1169	{34, 762}
1170	{720, 38}
1171	{930, 839}
1172	{385, 839}
1173	{745, 289}
1174	{312, 585}
1175	{356, 532}
1176	{291, 61}
1177	{306, 299}
1178	{883, 764}
1179	{81, 701}
1180	{618, 315}
1181	{443, 548}
1182	{595, 316}
1183	{176, 492}
1184	{32, 783}
1185	{842, 228}
1186	{804, 445}
1187	{308, 165}
1188	{517, 431}
1189	{32, 395}
1190	{794, 891}
1191	{89, 595}
1192	{569, 202}
1193	{700, 293}
1194	{127, 807}
1195	{739, 701}
1196	{230, 79}
1197	{648, 447}
1198	{475, 485}
1199	{186, 335}
1200	{456, 892}
1201	{241, 347}
1202	{779, 910}
1203	{832, 333}
1204	{872, 635}
1205	{192, 251}
1206	{441, 169}
1207	{67, 660}
1208	{97, 124}
1209	{163, 607}
1210	{192, 137}
1211	{904, 829}
1212	{536, 856}
1213	{16, 770}
1214	{913, 459}
1215	{872, 154}
1216	{936, 830}
1217	{660, 647}
1218	{444, 479}
1219	{160, 247}
1220	{201, 126}
1221	{931, 574}
1222	{674, 431}
1223	{698, 885}
1224	{570, 219}
1225	{26, 923}
1226	{838, 614}
1227	{874, 303}
1228	{738, 419}
1229	{432, 809}
1230	{546, 804}
1231	{857, 690}
1232	{240, 431}
1233	{674, 269}
1234	{153, 854}
1235	{596, 351}
1236	{825, 649}
1237	{936, 531}
1238	{8, 139}
1239	{465, 277}
1240	{392, 657}
1241	{666, 935}
1242	{194, 285}
1243	{697, 837}
1244	{616, 763}
1245	{481, 342}
1246	{10, 884}
1247	{35, 758}
1248	{420, 365}
1249	{777, 578}
1250	{26, 181}
1251	{626, 924}
1252	{369, 415}
1253	{90, 35}
1254	{518, 447}
1255	{755, 558}
1256	{808, 418}
1257	{816, 203}
1258	{754, 643}
1259	{18, 710}
1260	{492, 295}
1261	{164, 557}
1262	{390, 294}
1263	{256, 512}
1264	{125, 302}
1265	{829, 165}
1266	{336, 807}
1267	{285, 429}
1268	{329, 43}
1269	{88, 198}
1270	{906, 146}
1271	{411, 580}
1272	{272, 225}
1273	{803, 774}
1274	{454, 471}
1275	{816, 361}
1276	{321, 414}
1277	{672, 267}
1278	{248, 318}
1279	{696, 905}
1280	{33, 90}
1281	{704, 685}
1282	{715, 557}
1283	{192, 732}
1284	{459, 252}
1285	{66, 398}
1286	{245, 551}
1287	{712, 422}
1288	{292, 125}
1289	{601, 91}
1290	{133, 822}
1291	{660, 5}
1292	{107, 678}
1293	{794, 422}
1294	{587, 828}
1295	{32, 883}
1296	{624, 188}
1297	{338, 6}
1298	{737, 900}
1299	{444, 509}
1300	{85, 22}
1301	{392, 542}
1302	{754, 549}
1303	{466, 507}
1304	{6, 143}
1305	{313, 805}
1306	{493, 799}
1307	{461, 21}
1308	{624, 89}
1309	{344, 662}
1310	{506, 227}
1311	{412, 279}
1312	{921, 428}
1313	{205, 319}
1314	{560, 501}
1315	{507, 124}
1316	{672, 585}
1317	{689, 348}
1318	{527, 727}
1319	{712, 441}
1320	{33, 324}
1321	{261, 14}
1322	{708, 157}
1323	{334, 398}
1324	{577, 445}
1325	{726, 95}
1326	{40, 368}
1327	{67, 212}
1328	{585, 140}
1329	{476, 484}
1330	{117, 110}
1331	{224, 755}
1332	{465, 703}
1333	{704, 138}
1334	{313, 131}
1335	{865, 209}
1336	{702, 870}
1337	{682, 178}
1338	{886, 423}
1339	{312, 539}
1340	{401, 809}
1341	{248, 697}
1342	{487, 775}
1343	{357, 909}
1344	{200, 707}
1345	{489, 79}
1346	{585, 526}
1347	{199, 223}
1348	{865, 247}
1349	{115, 647}
1350	{569, 28}
1351	{176, 620}
1352	{248, 89}
1353	{270, 511}
1354	{186, 598}
1355	{60, 126}
1356	{304, 800}
1357	{308, 349}
1358	{609, 543}
1359	{688, 806}
1360	{376, 705}
1361	{528, 61}
1362	{774, 191}
1363	{147, 499}
1364	{936, 827}
1365	{760, 332}
1366	{36, 102}
1367	{41, 179}
1368	{795, 60}
1369	{635, 159}
1370	{481, 58}
1371	{467, 877}
1372	{120, 733}
1373	{657, 259}
1374	{363, 366}
1375	{296, 693}
1376	{289, 895}
1377	{674, 324}
1378	{475, 677}
1379	{112, 182}
1380	{590, 831}
1381	{553, 582}
1382	{521, 894}
1383	{386, 630}
1384	{922, 154}
1385	{97, 90}
1386	{593, 404}
1387	{208, 130}
1388	{282, 715}
1389	{883, 509}
1390	{834, 348}
1391	{80, 141}
1392	{353, 724}
1393	{539, 819}
1394	{800, 692}
1395	{382, 662}
1396	{579, 67}
1397	{806, 70}
1398	{257, 316}
1399	{832, 431}
1400	{612, 941}
1401	{803, 172}
1402	{75, 494}
1403	{267, 349}
1404	{714, 845}
1405	{905, 391}
1406	{802, 135}
1407	{141, 830}
1408	{712, 189}
1409	{170, 842}
1410	{563, 835}
1411	{877, 446}
1412	{292, 525}
1413	{884, 214}
1414	{700, 182}
1415	{366, 254}
1416	{280, 35}
1417	{629, 246}
1418	{405, 831}
1419	{773, 639}
1420	{917, 47}
1421	{190, 702}
1422	{572, 741}
1423	{632, 631}
1424	{668, 220}
1425	{671, 847}
1426	{401, 631}
1427	{890, 611}
1428	{59, 374}
1429	{650, 374}
1430	{665, 734}
1431	{432, 707}
1432	{400, 441}
1433	{337, 179}
1434	{385, 674}
1435	{808, 362}
1436	{96, 278}
1437	{636, 860}
1438	{810, 550}
1439	{172, 895}
1440	{544, 321}
1441	{192, 336}
1442	{523, 109}
1443	{632, 712}
1444	{59, 868}
1445	{497, 445}
1446	{265, 607}
1447	{235, 726}
1448	{691, 525}
1449	{578, 903}
1450	{209, 346}
1451	{772, 535}
1452	{114, 773}
1453	{457, 86}
1454	{648, 332}
1455	{588, 869}
1456	{508, 109}
1457	{542, 783}
1458	{641, 412}
1459	{194, 852}
1460	{218, 794}
1461	{632, 197}
1462	{490, 367}
1463	{362, 197}
1464	{337, 631}
1465	{521, 726}
1466	{82, 188}
1467	{464, 599}
1468	{816, 280}
1469	{570, 227}
1470	{249, 667}
1471	{525, 735}
1472	{253, 150}
1473	{288, 695}
1474	{652, 917}
1475	{771, 526}
1476	{892, 756}
1477	{417, 523}
1478	{225, 66}
1479	{169, 265}
1480	{899, 901}
1481	{32, 643}
1482	{738, 311}
1483	{56, 305}
1484	{633, 830}
1485	{934, 87}
1486	{370, 3}
1487	{924, 199}
1488	{400, 99}
1489	{192, 340}
1490	{379, 295}
1491	{840, 539}
1492	{784, 536}
1493	{673, 444}
1494	{762, 647}
1495	{8, 307}
1496	{576, 628}
1497	{697, 660}
1498	{345, 324}
1499	{289, 404}
1500	{225, 158}
1501	{725, 14}
1502	{95, 47}
1503	{628, 421}
1504	{211, 767}
1505	{544, 434}
1506	{204, 111}
1507	{441, 538}
1508	{531, 302}
1509	{37, 887}
1510	{673, 738}
1511	{113, 410}
1512	{508, 287}
1513	{440, 915}
1514	{304, 789}
1515	{899, 60}
1516	{593, 881}
1517	{553, 173}
1518	{77, 686}
1519	{288, 718}
1520	{384, 166}
1521	{876, 38}
1522	{155, 46}
1523	{330, 283}
1524	{346, 226}
1525	{890, 787}
1526	{519, 487}
1527	{528, 562}
1528	{677, 743}
1529	{508, 645}
1530	{129, 103}
1531	{538, 422}
1532	{58, 501}
1533	{353, 107}
1534	{129, 571}
1535	{433, 463}
1536	{842, 171}
1537	{179, 837}
1538	{538, 679}
1539	{505, 383}
1540	{314, 919}
1541	{549, 653}
1542	{93, 231}
1543	{904, 148}
1544	{234, 731}
1545	{296, 330}
1546	{888, 634}
1547	{90, 647}
1548	{176, 203}
1549	{888, 698}
1550	{42, 542}
1551	{458, 374}
1552	{849, 754}
1553	{10, 342}
1554	{337, 193}
1555	{641, 939}
1556	{872, 199}
1557	{730, 926}
1558	{881, 378}
1559	{281, 483}
1560	{893, 381}
1561	{141, 294}
1562	{396, 743}
1563	{920, 917}
1564	{663, 487}
1565	{738, 212}
1566	{725, 655}
1567	{694, 55}
1568	{329, 753}
1569	{48, 141}
1570	{652, 527}
1571	{88, 624}
1572	{843, 733}
1573	{890, 267}
1574	{136, 685}
1575	{27, 830}
1576	{448, 818}
1577	{520, 232}
1578	{848, 80}
1579	{272, 863}
1580	{40, 172}
1581	{130, 86}
1582	{809, 211}
1583	{429, 62}
1584	{837, 878}
1585	{939, 45}
1586	{290, 835}
1587	{19, 84}
1588	{488, 604}
1589	{113, 690}
1590	{804, 14}
1591	{546, 668}
1592	{202, 780}
1593	{418, 143}
1594	{355, 931}
1595	{733, 439}
1596	{800, 701}
1597	{168, 752}
1598	{459, 812}
1599	{920, 878}
1600	{802, 221}
1601	{363, 596}
1602	{639, 247}
1603	{298, 599}
1604	{689, 806}
1605	{476, 286}
1606	{694, 102}
1607	{264, 79}
1608	{675, 93}
1609	{913, 614}
1610	{784, 516}
1611	{898, 914}
1612	{689, 298}
1613	{360, 267}
1614	{793, 898}
1615	{307, 246}
1616	{153, 27}
1617	{456, 937}
1618	{408, 776}
1619	{441, 394}
1620	{779, 573}
1621	{566, 119}
1622	{248, 452}
1623	{665, 10}
1624	{464, 38}
1625	{160, 2}
1626	{164, 135}
1627	{89, 266}
1628	{339, 293}
1629	{882, 119}
1630	{673, 275}
1631	{882, 862}
1632	{33, 854}
1633	{251, 295}
1634	{480, 572}
1635	{547, 52}
1636	{64, 197}
1637	{289, 803}
1638	{753, 687}
1639	{315, 757}
1640	{8, 868}
1641	{123, 317}
1642	{374, 918}
1643	{353, 700}
1644	{498, 327}
1645	{426, 646}
1646	{906, 940}
1647	{633, 4}
1648	{605, 590}
1649	{19, 100}
1650	{69, 670}
1651	{36, 589}
1652	{808, 324}
1653	{928, 476}
1654	{3, 733}
1655	{53, 829}
1656	{482, 252}
1657	{895, 231}
1658	{493, 366}
1659	{186, 213}
1660	{669, 582}
1661	{754, 557}
1662	{848, 722}
1663	{356, 670}
1664	{904, 225}
1665	{162, 655}
1666	{345, 379}
1667	{370, 502}
1668	{729, 435}
1669	{555, 675}
1670	{53, 438}
1671	{400, 781}
1672	{683, 676}
1673	{84, 894}
1674	{649, 162}
1675	{236, 805}
1676	{11, 524}
1677	{800, 890}
1678	{472, 753}
1679	{489, 21}
1680	{640, 919}
1681	{801, 609}
1682	{596, 446}
1683	{785, 774}
1684	{581, 343}
1685	{3, 727}
1686	{900, 262}
1687	{97, 190}
1688	{365, 215}
1689	{818, 748}
1690	{489, 868}
1691	{899, 284}
1692	{380, 132}
1693	{60, 239}
1694	{238, 287}
1695	{513, 167}
1696	{434, 804}
1697	{21, 118}
1698	{427, 197}
1699	{45, 397}
1700	{325, 701}
1701	{488, 625}
1702	{931, 85}
1703	{164, 197}
1704	{81, 94}
1705	{676, 76}
1706	{332, 614}
1707	{331, 526}
1708	{59, 907}
1709	{732, 540}
1710	{249, 155}
1711	{315, 267}
1712	{902, 303}
1713	{428, 804}
1714	{248, 90}
1715	{722, 637}
1716	{193, 221}
1717	{894, 262}
1718	{254, 287}
1719	{304, 280}
1720	{530, 870}
1721	{889, 502}
1722	{339, 389}
1723	{682, 791}
1724	{348, 334}
1725	{838, 142}
1726	{354, 939}
1727	{725, 142}
1728	{908, 662}
1729	{616, 675}
1730	{682, 636}
1731	{870, 390}
1732	{833, 628}
1733	{332, 454}
1734	{43, 572}
1735	{778, 535}
1736	{326, 119}
1737	{208, 833}
1738	{625, 169}
1739	{394, 883}
1740	{601, 361}
1741	{498, 371}
1742	{312, 436}
1743	{873, 108}
1744	{491, 556}
1745	{403, 71}
1746	{321, 491}
1747	{920, 634}
1748	{389, 911}
1749	{68, 206}
1750	{139, 21}
1751	{710, 743}
1752	{347, 117}
1753	{232, 593}
1754	{393, 764}
1755	{267, 758}
1756	{564, 453}
1757	{629, 54}
1758	{80, 183}
1759	{83, 4}
1760	{236, 262}
1761	{738, 365}
1762	{776, 828}
1763	{685, 694}
1764	{672, 326}
1765	{80, 410}
1766	{665, 159}
1767	{552, 410}
1768	{697, 406}
1769	{114, 286}
1770	{601, 491}
1771	{513, 876}
1772	{524, 45}
1773	{905, 310}
1774	{593, 37}
1775	{882, 863}
1776	{339, 877}
1777	{58, 452}
1778	{893, 199}
1779	{277, 655}
1780	{384, 170}
1781	{312, 509}
1782	{680, 893}
1783	{113, 742}
1784	{465, 234}
1785	{181, 215}
1786	{842, 236}
1787	{898, 711}
1788	{824, 747}
1789	{373, 837}
1790	{777, 95}
1791	{234, 540}
1792	{330, 867}
1793	{217, 810}
1794	{178, 567}
1795	{499, 28}
1796	{808, 510}
1797	{170, 172}
1798	{664, 57}
1799	{217, 557}
1800	{25, 365}
1801	{665, 711}
1802	{508, 454}
1803	{489, 468}
1804	{424, 4}
1805	{200, 6}
1806	{8, 603}
1807	{284, 735}
1808	{218, 122}
1809	{331, 101}
1810	{542, 191}
1811	{886, 519}
1812	{110, 935}
1813	{467, 755}
1814	{228, 390}
1815	{697, 548}
1816	{435, 436}
1817	{392, 836}
1818	{693, 70}
1819	{317, 278}
1820	{765, 815}
1821	{99, 382}
1822	{25, 931}
1823	{483, 263}
1824	{602, 166}
1825	{274, 28}
1826	{872, 147}
1827	{780, 197}
1828	{762, 746}
1829	{587, 134}
1830	{541, 397}
1831	{248, 598}
1832	{194, 702}
1833	{393, 933}
1834	{464, 626}
1835	{355, 604}
1836	{425, 778}
1837	{816, 255}
1838	{697, 899}
1839	{508, 230}
1840	{654, 655}
1841	{98, 579}
1842	{25, 549}
1843	{802, 667}
1844	{291, 750}
1845	{418, 178}
1846	{347, 661}
1847	{624, 574}
1848	{888, 45}
1849	{192, 181}
1850	{894, 607}
1851	{192, 741}
1852	{178, 628}
1853	{602, 58}
1854	{154, 255}
1855	{543, 935}
1856	{897, 36}
1857	{114, 303}
1858	{218, 447}
1859	{729, 482}
1860	{501, 511}
1861	{704, 381}
1862	{33, 719}
1863	{72, 144}
1864	{456, 610}
1865	{304, 824}
1866	{265, 897}
1867	{516, 502}
1868	{872, 661}
1869	{907, 79}
1870	{557, 229}
1871	{865, 524}
1872	{843, 166}
1873	{441, 534}
1874	{258, 91}
1875	{211, 556}
1876	{552, 139}
1877	{74, 933}
1878	{913, 229}
1879	{59, 54}
1880	{537, 717}
1881	{777, 869}
1882	{225, 553}
1883	{5, 710}
1884	{384, 218}
1885	{697, 10}
1886	{877, 23}
1887	{586, 835}
1888	{757, 702}
1889	{659, 847}
1890	{50, 876}
1891	{474, 591}
1892	{56, 895}
1893	{380, 157}
1894	{290, 500}
1895	{529, 164}
1896	{486, 487}
1897	{24, 359}
1898	{501, 927}
1899	{719, 591}
1900	{776, 201}
1901	{906, 62}
1902	{435, 548}
1903	{180, 813}
1904	{328, 357}
1905	{291, 479}
1906	{386, 606}
1907	{329, 532}
1908	{325, 230}
1909	{913, 903}
1910	{540, 197}
1911	{906, 788}
1912	{784, 427}
1913	{34, 502}
1914	{572, 357}
1915	{838, 166}
1916	{665, 858}
1917	{153, 399}
1918	{609, 173}
1919	{826, 515}
1920	{560, 140}
1921	{409, 767}
1922	{186, 382}
1923	{136, 455}
1924	{800, 132}
1925	{586, 354}
1926	{683, 934}
1927	{794, 941}
1928	{120, 753}
1929	{443, 164}
1930	{561, 511}
1931	{670, 158}
1932	{922, 338}
1933	{442, 807}
1934	{195, 495}
1935	{729, 531}
1936	{320, 346}
1937	{632, 617}
1938	{694, 895}
1939	{369, 115}
1940	{587, 646}
1941	{705, 463}
1942	{626, 780}
1943	{617, 150}
1944	{250, 887}
1945	{483, 639}
1946	{205, 157}
1947	{796, 540}
1948	{58, 429}
1949	{321, 5}
1950	{866, 39}
1951	{857, 805}
1952	{700, 311}
1953	{35, 187}
1954	{582, 758}
1955	{277, 709}
1956	{392, 358}
1957	{385, 751}
1958	{848, 573}
1959	{536, 587}
1960	{401, 374}
1961	{378, 878}
1962	{514, 27}
1963	{586, 615}
1964	{338, 370}
1965	{921, 919}
1966	{531, 13}
1967	{416, 379}
1968	{144, 91}
1969	{272, 826}
1970	{488, 312}
1971	{621, 606}
1972	{57, 140}
1973	{431, 807}
1974	{553, 851}
1975	{116, 796}
1976	{849, 201}
1977	{40, 373}
1978	{9, 515}
1979	{345, 43}
1980	{344, 439}
1981	{169, 460}
1982	{46, 534}
1983	{515, 235}
1984	{290, 406}
1985	{77, 182}
1986	{3, 763}
1987	{776, 145}
1988	{408, 22}
1989	{67, 244}
1990	{585, 785}
1991	{401, 578}
1992	{507, 85}
1993	{357, 21}
1994	{37, 685}
1995	{312, 773}
1996	{560, 57}
1997	{682, 719}
1998	{715, 911}
1999	{792, 383}
2000	{488, 307}
2001	{832, 322}
2002	{155, 285}
2003	{512, 225}
2004	{633, 917}
2005	{253, 927}
2006	{392, 556}
2007	{589, 919}
2008	{666, 924}
2009	{32, 795}
2010	{682, 333}
2011	{348, 942}
2012	{456, 523}
2013	{857, 430}
2014	{376, 796}
2015	{449, 521}
2016	{538, 411}
2017	{387, 813}
2018	{251, 757}
2019	{249, 625}
2020	{524, 252}
2021	{89, 180}
2022	{218, 555}
2023	{850, 735}
2024	{214, 14}
2025	{777, 347}
2026	{630, 191}
2027	{824, 733}
2028	{826, 301}
2029	{824, 554}
2030	{416, 794}
2031	{385, 381}
2032	{702, 686}
2033	{849, 906}
2034	{864, 342}
2035	{20, 639}
2036	{938, 76}
2037	{406, 486}
2038	{809, 694}
2039	{130, 692}
2040	{722, 197}
2041	{552, 598}
2042	{781, 559}
2043	{328, 446}
2044	{654, 422}
2045	{77, 118}
2046	{907, 300}
2047	{285, 494}
2048	{153, 117}
2049	{168, 86}
2050	{226, 526}
2051	{603, 156}
2052	{736, 199}
2053	{133, 671}
2054	{554, 861}
2055	{635, 149}
2056	{758, 591}
2057	{257, 761}
2058	{168, 534}
2059	{882, 203}
2060	{581, 766}
2061	{305, 654}
2062	{34, 887}
2063	{37, 895}
2064	{120, 402}
2065	{825, 263}
2066	{696, 374}
2067	{242, 822}
2068	{913, 357}
2069	{601, 690}
2070	{653, 727}
2071	{931, 831}
2072	{497, 751}
2073	{552, 239}
2074	{461, 190}
2075	{900, 87}
2076	{683, 367}
2077	{146, 292}
2078	{457, 149}
2079	{417, 284}
2080	{82, 787}
2081	{40, 589}
2082	{411, 933}
2083	{741, 191}
2084	{781, 791}
2085	{163, 694}
2086	{497, 414}
2087	{408, 876}
2088	{424, 42}
2089	{794, 427}
2090	{185, 346}
2091	{697, 761}
2092	{929, 677}
2093	{648, 592}
2094	{385, 481}
2095	{520, 878}
2096	{541, 623}
2097	{403, 511}
2098	{834, 463}
2099	{620, 431}
2100	{21, 398}
2101	{464, 29}
2102	{341, 542}
2103	{521, 604}
2104	{467, 247}
2105	{880, 62}
2106	{292, 870}
2107	{125, 917}
2108	{81, 303}
2109	{752, 551}
2110	{853, 22}
2111	{170, 741}
2112	{116, 919}
2113	{264, 404}
2114	{357, 205}
2115	{780, 141}
2116	{685, 839}
2117	{400, 512}
2118	{730, 76}
2119	{121, 710}
2120	{507, 941}
2121	{497, 471}
2122	{59, 110}
2123	{228, 293}
2124	{688, 701}
2125	{209, 341}
2126	{322, 263}
2127	{93, 157}
2128	{458, 476}
2129	{633, 227}
2130	{194, 188}
2131	{469, 278}
2132	{841, 742}
2133	{67, 102}
2134	{315, 662}
2135	{881, 60}
2136	{826, 743}
2137	{920, 829}
2138	{344, 582}
2139	{80, 670}
2140	{698, 620}
2141	{550, 919}
2142	{585, 387}
2143	{210, 805}
2144	{610, 555}
2145	{699, 620}
2146	{536, 447}
2147	{187, 781}
2148	{332, 572}
2149	{40, 9}
2150	{5, 751}
2151	{728, 44}
2152	{243, 876}
2153	{636, 149}
2154	{648, 182}
2155	{313, 343}
2156	{786, 583}
2157	{82, 164}
2158	{596, 22}
2159	{329, 87}
2160	{419, 719}
2161	{209, 798}
2162	{785, 421}
2163	{122, 92}
2164	{936, 555}
2165	{528, 85}
2166	{651, 764}
2167	{786, 858}
2168	{182, 855}
2169	{850, 915}
2170	{48, 388}
2171	{82, 610}
2172	{904, 861}
2173	{498, 867}
2174	{642, 110}
2175	{29, 670}
2176	{600, 863}
2177	{780, 431}
2178	{681, 630}
2179	{592, 444}
2180	{540, 767}
2181	{856, 803}
2182	{616, 37}
2183	{402, 738}
2184	{680, 424}
2185	{406, 462}
2186	{938, 421}
2187	{629, 375}
2188	{561, 94}
2189	{387, 907}
2190	{120, 934}
2191	{64, 49}
2192	{872, 451}
2193	{793, 215}
2194	{18, 751}
2195	{592, 61}
2196	{227, 940}
2197	{935, 943}
2198	{347, 519}
2199	{844, 677}
2200	{277, 855}
2201	{176, 263}
2202	{288, 796}
2203	{440, 2}
2204	{328, 788}
2205	{544, 609}
2206	{717, 54}
2207	{5, 375}
2208	{904, 239}
2209	{523, 43}
2210	{441, 87}
2211	{772, 470}
2212	{195, 382}
2213	{544, 299}
2214	{18, 12}
2215	{865, 733}
2216	{308, 942}
2217	{90, 406}
2218	{442, 650}
2219	{276, 55}
2220	{456, 465}
2221	{187, 396}
2222	{802, 852}
2223	{378, 780}
2224	{373, 6}
2225	{844, 317}
2226	{357, 166}
2227	{668, 102}
2228	{304, 9}
2229	{124, 751}
2230	{505, 641}
2231	{500, 901}
2232	{24, 259}
2233	{633, 614}
2234	{186, 860}
2235	{600, 45}
2236	{545, 553}
2237	{736, 650}
2238	{824, 549}
2239	{225, 383}
2240	{458, 354}
2241	{754, 266}
2242	{434, 838}
2243	{144, 399}
2244	{709, 326}
2245	{74, 580}
2246	{379, 246}
2247	{494, 247}
2248	{65, 633}
2249	{24, 309}
2250	{928, 678}
2251	{650, 918}
2252	{505, 790}
2253	{138, 500}
2254	{338, 767}
2255	{37, 927}
2256	{488, 772}
2257	{128, 427}
2258	{712, 295}
2259	{820, 173}
2260	{145, 558}
2261	{488, 749}
2262	{97, 801}
2263	{282, 374}
2264	{440, 386}
2265	{386, 748}
2266	{108, 694}
2267	{665, 118}
2268	{693, 358}
2269	{556, 599}
2270	{352, 612}
2271	{941, 478}
2272	{802, 284}
2273	{196, 782}
2274	{740, 142}
2275	{384, 622}
2276	{186, 828}
2277	{169, 575}
2278	{476, 733}
2279	{107, 814}
2280	{435, 140}
2281	{435, 332}
2282	{685, 782}
2283	{124, 44}
2284	{921, 676}
2285	{155, 797}
2286	{129, 4}
2287	{628, 846}
2288	{718, 422}
2289	{523, 356}
2290	{92, 70}
2291	{266, 650}
2292	{539, 237}
2293	{145, 317}
2294	{808, 420}
2295	{404, 671}
2296	{876, 181}
2297	{699, 940}
2298	{190, 735}
2299	{532, 117}
2300	{425, 707}
2301	{84, 494}
2302	{218, 751}
2303	{105, 868}
2304	{643, 133}
2305	{256, 600}
2306	{209, 541}
2307	{81, 317}
2308	{888, 379}
2309	{561, 798}
2310	{368, 512}
2311	{282, 507}
2312	{34, 173}
2313	{675, 276}
2314	{384, 215}
2315	{812, 582}
2316	{746, 919}
2317	{517, 885}
2318	{96, 430}
2319	{136, 939}
2320	{404, 854}
2321	{609, 301}
2322	{617, 566}
2323	{481, 501}
2324	{251, 301}
2325	{379, 37}
2326	{448, 7}
2327	{134, 255}
2328	{8, 143}
2329	{113, 805}
2330	{793, 443}
2331	{75, 806}
2332	{488, 460}
2333	{97, 291}
2334	{166, 207}
2335	{368, 839}
2336	{313, 49}
2337	{563, 61}
2338	{177, 279}
2339	{129, 423}
2340	{123, 319}
2341	{634, 900}
2342	{752, 47}
2343	{312, 649}
2344	{656, 190}
2345	{888, 839}
2346	{806, 479}
2347	{106, 837}
2348	{182, 878}
2349	{208, 170}
2350	{732, 918}
2351	{64, 131}
2352	{507, 901}
2353	{585, 252}
2354	{769, 93}
2355	{383, 943}
2356	{708, 460}
2357	{276, 742}
2358	{528, 451}
2359	{204, 125}
2360	{874, 100}
2361	{897, 445}
2362	{624, 409}
2363	{778, 439}
2364	{70, 662}
2365	{220, 231}
2366	{763, 285}
2367	{389, 526}
2368	{424, 775}
2369	{867, 199}
2370	{520, 718}
2371	{202, 172}
2372	{916, 310}
2373	{754, 293}
2374	{59, 589}
2375	{194, 30}
2376	{232, 217}
2377	{708, 549}
2378	{327, 343}
2379	{734, 599}
2380	{20, 638}
2381	{235, 884}
2382	{867, 109}
2383	{640, 241}
2384	{241, 258}
2385	{25, 205}
2386	{345, 460}
2387	{480, 790}
2388	{256, 260}
2389	{700, 446}
2390	{771, 750}
2391	{48, 850}
2392	{441, 861}
2393	{579, 807}
2394	{932, 295}
2395	{817, 677}
2396	{889, 411}
2397	{330, 293}
2398	{140, 557}
2399	{784, 397}
2400	{260, 639}
2401	{714, 378}
2402	{634, 422}
2403	{362, 235}
2404	{573, 422}
2405	{736, 900}
2406	{297, 517}
2407	{210, 789}
2408	{561, 95}
2409	{769, 635}
2410	{251, 887}
2411	{801, 217}
2412	{377, 332}
2413	{904, 159}
2414	{269, 647}
2415	{396, 463}
2416	{387, 252}
2417	{127, 575}
2418	{723, 47}
2419	{240, 735}
2420	{840, 414}
2421	{763, 935}
2422	{882, 451}
2423	{616, 146}
2424	{507, 228}
2425	{41, 150}
2426	{49, 722}
2427	{103, 807}
2428	{426, 59}
2429	{560, 85}
2430	{121, 530}
2431	{752, 255}
2432	{451, 76}
2433	{344, 381}
2434	{716, 231}
2435	{369, 605}
2436	{381, 767}
2437	{464, 860}
2438	{68, 247}
2439	{345, 229}
2440	{864, 683}
2441	{795, 445}
2442	{59, 671}
2443	{337, 148}
2444	{433, 877}
2445	{113, 740}
2446	{156, 455}
2447	{787, 15}
2448	{195, 262}
2449	{599, 143}
2450	{833, 492}
2451	{744, 401}
2452	{780, 535}
2453	{665, 533}
2454	{540, 589}
2455	{765, 614}
2456	{53, 447}
2457	{289, 5}
2458	{435, 468}
2459	{365, 421}
2460	{828, 711}
2461	{848, 567}
2462	{240, 402}
2463	{922, 885}
2464	{429, 607}
2465	{475, 236}
2466	{224, 109}
2467	{386, 765}
2468	{193, 70}
2469	{625, 924}
2470	{826, 323}
2471	{803, 652}
2472	{625, 447}
2473	{550, 782}
2474	{768, 40}
2475	{881, 919}
2476	{817, 245}
2477	{453, 887}
2478	{272, 185}
2479	{106, 655}
2480	{796, 830}
2481	{106, 165}
2482	{322, 142}
2483	{811, 708}
2484	{128, 13}
2485	{506, 428}
2486	{602, 363}
2487	{332, 437}
2488	{696, 693}
2489	{421, 223}
2490	{521, 348}
2491	{392, 826}
2492	{397, 901}
2493	{344, 23}
2494	{136, 812}
2495	{91, 444}
2496	{554, 787}
2497	{808, 325}
2498	{794, 669}
2499	{697, 170}
2500	{304, 649}
2501	{891, 284}
2502	{763, 662}
2503	{449, 142}
2504	{308, 540}
2505	{269, 311}
2506	{728, 746}
2507	{387, 759}
2508	{64, 644}
2509	{620, 709}
2510	{825, 460}
2511	{539, 397}
2512	{885, 511}
2513	{58, 115}
2514	{74, 82}
2515	{850, 293}
2516	{273, 527}
2517	{810, 157}
2518	{591, 543}
2519	{142, 126}
2520	{569, 714}
2521	{915, 302}
2522	{426, 420}
2523	{14, 798}
2524	{804, 647}
2525	{98, 894}
2526	{809, 548}
2527	{432, 111}
2528	{498, 44}
2529	{435, 509}
2530	{186, 151}
2531	{424, 858}
2532	{650, 533}
2533	{227, 358}
2534	{331, 812}
2535	{523, 716}
2536	{490, 814}
2537	{802, 549}
2538	{819, 583}
2539	{720, 365}
2540	{166, 94}
2541	{913, 205}
2542	{128, 209}
2543	{609, 829}
2544	{937, 851}
2545	{353, 683}
2546	{144, 886}
2547	{668, 893}
2548	{832, 187}
2549	{866, 738}
2550	{57, 850}
2551	{649, 938}
2552	{810, 159}
2553	{642, 614}
2554	{904, 380}
2555	{760, 496}
2556	{882, 859}
2557	{733, 831}
2558	{96, 728}
2559	{842, 119}
2560	{260, 509}
2561	{386, 659}
2562	{144, 213}
2563	{21, 503}
2564	{508, 580}
2565	{843, 715}
2566	{771, 253}
2567	{925, 663}
2568	{77, 453}
2569	{352, 198}
2570	{116, 54}
2571	{446, 223}
2572	{908, 821}
2573	{624, 105}
2574	{701, 710}
2575	{8, 245}
2576	{874, 268}
2577	{162, 599}
2578	{424, 262}
2579	{841, 779}
2580	{59, 405}
2581	{586, 204}
2582	{322, 84}
2583	{344, 178}
2584	{352, 223}
2585	{681, 612}
2586	{256, 637}
2587	{352, 342}
2588	{155, 757}
2589	{435, 292}
2590	{692, 918}
2591	{880, 543}
2592	{504, 151}
2593	{363, 251}
2594	{536, 772}
2595	{34, 355}
2596	{436, 806}
2597	{464, 876}
2598	{827, 667}
2599	{201, 404}
2600	{91, 734}
2601	{470, 503}
2602	{725, 679}
2603	{167, 663}
2604	{549, 606}
2605	{153, 631}
2606	{116, 742}
2607	{936, 150}
2608	{117, 671}
2609	{391, 823}
2610	{429, 551}
2611	{850, 150}
2612	{626, 301}
2613	{816, 230}
2614	{712, 300}
2615	{146, 116}
2616	{280, 710}
2617	{245, 413}
2618	{517, 31}
2619	{336, 238}
2620	{666, 151}
2621	{648, 356}
2622	{728, 569}
2623	{333, 607}
2624	{616, 628}
2625	{923, 645}
2626	{42, 50}
2627	{648, 804}
2628	{377, 142}
2629	{189, 687}
2630	{875, 623}
2631	{490, 883}
2632	{642, 322}
2633	{114, 659}
2634	{738, 125}
2635	{650, 590}
2636	{900, 558}
2637	{300, 559}
2638	{120, 447}
2639	{217, 194}
2640	{488, 436}
2641	{522, 751}
2642	{240, 539}
2643	{553, 797}
2644	{445, 591}
2645	{588, 374}
2646	{801, 669}
2647	{130, 623}
2648	{323, 175}
2649	{882, 358}
2650	{460, 196}
2651	{400, 843}
2652	{909, 150}
2653	{633, 524}
2654	{729, 675}
2655	{517, 870}
2656	{53, 733}
2657	{662, 719}
2658	{638, 175}
2659	{537, 735}
2660	{729, 301}
2661	{728, 517}
2662	{341, 438}
2663	{70, 790}
2664	{500, 830}
2665	{172, 116}
2666	{401, 622}
2667	{660, 708}
2668	{704, 668}
2669	{352, 699}
2670	{209, 780}
2671	{674, 359}
2672	{113, 861}
2673	{688, 576}
2674	{640, 147}
2675	{330, 357}
2676	{338, 406}
2677	{865, 295}
2678	{392, 112}
2679	{642, 571}
2680	{378, 366}
2681	{586, 478}
2682	{509, 333}
2683	{897, 802}
2684	{163, 118}
2685	{93, 727}
2686	{145, 779}
2687	{836, 262}
2688	{821, 118}
2689	{716, 325}
2690	{776, 138}
2691	{808, 522}
2692	{761, 123}
2693	{310, 823}
2694	{211, 725}
2695	{931, 348}
2696	{368, 475}
2697	{307, 556}
2698	{160, 156}
2699	{424, 46}
2700	{729, 437}
2701	{776, 236}
2702	{688, 356}
2703	{521, 342}
2704	{144, 627}
2705	{12, 407}
2706	{196, 374}
2707	{593, 90}
2708	{880, 649}
2709	{338, 227}
2710	{664, 121}
2711	{178, 135}
2712	{49, 561}
2713	{404, 839}
2714	{95, 735}
2715	{376, 136}
2716	{304, 720}
2717	{357, 381}
2718	{371, 447}
2719	{401, 658}
2720	{397, 103}
2721	{416, 20}
2722	{668, 197}
2723	{130, 111}
2724	{713, 307}
2725	{873, 26}
2726	{310, 7}
2727	{873, 195}
2728	{780, 590}
2729	{531, 229}
2730	{143, 591}
2731	{10, 308}
2732	{545, 845}
2733	{464, 287}
2734	{722, 683}
2735	{338, 222}
2736	{177, 842}
2737	{386, 939}
2738	{711, 631}
2739	{379, 671}
2740	{161, 249}
2741	{930, 570}
2742	{334, 935}
2743	{697, 938}
2744	{865, 661}
2745	{563, 340}
2746	{729, 50}
2747	{243, 933}
2748	{812, 581}
2749	{60, 357}
2750	{512, 584}
2751	{357, 599}
2752	{81, 941}
2753	{113, 59}
2754	{440, 335}
2755	{829, 222}
2756	{922, 867}
2757	{29, 13}
2758	{785, 511}
2759	{546, 307}
2760	{72, 396}
2761	{409, 181}
2762	{16, 202}
2763	{403, 893}
2764	{203, 804}
2765	{842, 539}
2766	{689, 206}
2767	{445, 607}
2768	{877, 679}
2769	{304, 334}
2770	{649, 747}
2771	{18, 412}
2772	{405, 679}
2773	{163, 622}
2774	{547, 28}
2775	{779, 36}
2776	{408, 908}
2777	{132, 894}
2778	{912, 769}
2779	{180, 917}
2780	{533, 526}
2781	{881, 297}
2782	{217, 423}
2783	{340, 774}
2784	{208, 790}
2785	{672, 163}
2786	{385, 14}
2787	{220, 324}
2788	{412, 325}
2789	{193, 418}
2790	{34, 59}
2791	{720, 170}
2792	{897, 750}
2793	{241, 434}
2794	{922, 870}
2795	{329, 49}
2796	{540, 374}
2797	{685, 558}
2798	{748, 589}
2799	{592, 778}
2800	{859, 197}
2801	{832, 435}
2802	{56, 685}
2803	{634, 709}
2804	{530, 564}
2805	{59, 191}
2806	{480, 823}
2807	{641, 575}
2808	{280, 702}
2809	{768, 110}
2810	{33, 477}
2811	{808, 201}
2812	{590, 911}
2813	{34, 5}
2814	{738, 815}
2815	{681, 617}
2816	{760, 222}
2817	{226, 478}
2818	{453, 847}
2819	{924, 413}
2820	{829, 14}
2821	{788, 596}
2822	{712, 844}
2823	{710, 151}
2824	{539, 388}
2825	{768, 2}
2826	{602, 338}
2827	{393, 63}
2828	{666, 846}
2829	{557, 751}
2830	{671, 823}
2831	{508, 548}
2832	{66, 76}
2833	{444, 495}
2834	{842, 389}
2835	{448, 334}
2836	{777, 788}
2837	{72, 747}
2838	{267, 54}
2839	{272, 200}
2840	{563, 119}
2841	{779, 502}
2842	{130, 324}
2843	{866, 559}
2844	{170, 314}
2845	{19, 46}
2846	{429, 6}
2847	{874, 427}
2848	{579, 443}
2849	{752, 289}
2850	{682, 764}
2851	{789, 741}
2852	{402, 411}
2853	{92, 422}
2854	{160, 557}
2855	{659, 709}
2856	{862, 550}
2857	{720, 68}
2858	{825, 709}
2859	{265, 300}
2860	{433, 206}
2861	{368, 439}
2862	{504, 458}
2863	{554, 822}
2864	{90, 613}
2865	{787, 478}
2866	{156, 526}
2867	{899, 109}
2868	{77, 726}
2869	{802, 364}
2870	{915, 391}
2871	{40, 14}
2872	{329, 894}
2873	{52, 270}
2874	{873, 15}
2875	{659, 350}
2876	{371, 604}
2877	{265, 479}
2878	{19, 933}
2879	{268, 918}
2880	{82, 388}
2881	{224, 33}
2882	{79, 575}
2883	{352, 717}
2884	{531, 556}
2885	{265, 617}
2886	{251, 381}
2887	{34, 796}
2888	{490, 859}
2889	{730, 70}
2890	{378, 282}
2891	{920, 5}
2892	{241, 891}
2893	{250, 367}
2894	{832, 517}
2895	{790, 22}
2896	{394, 327}
2897	{424, 150}
2898	{382, 879}
2899	{748, 607}
2900	{844, 335}
2901	{413, 366}
2902	{784, 647}
2903	{829, 55}
2904	{629, 926}
2905	{298, 444}
2906	{132, 535}
2907	{803, 483}
2908	{333, 533}
2909	{891, 212}
2910	{593, 437}
2911	{915, 239}
2912	{251, 429}
2913	{835, 837}
2914	{553, 665}
2915	{147, 79}
2916	{757, 150}
2917	{890, 261}
2918	{697, 369}
2919	{340, 421}
2920	{130, 767}
2921	{796, 327}
2922	{262, 567}
2923	{96, 414}
2924	{906, 76}
2925	{3, 365}
2926	{159, 423}
2927	{33, 305}
2928	{633, 587}
2929	{138, 861}
2930	{931, 596}
2931	{48, 865}
2932	{257, 63}
2933	{162, 847}
2934	{440, 444}
2935	{577, 562}
2936	{528, 33}
2937	{241, 753}
2938	{749, 934}
2939	{579, 462}
2940	{393, 317}
2941	{597, 118}
2942	{579, 380}
2943	{652, 428}
2944	{917, 647}
2945	{704, 204}
2946	{526, 527}
2947	{248, 854}
2948	{617, 230}
2949	{446, 334}
2950	{649, 855}
2951	{184, 708}
2952	{761, 571}
2953	{709, 742}
2954	{187, 103}
2955	{440, 781}
2956	{277, 878}
2957	{121, 37}
2958	{257, 698}
2959	{176, 455}
2960	{81, 326}
2961	{325, 749}
2962	{556, 797}
2963	{323, 939}
2964	{284, 374}
2965	{931, 646}
2966	{76, 613}
2967	{549, 839}
2968	{685, 327}
2969	{122, 220}
2970	{24, 255}
2971	{431, 119}
2972	{694, 774}
2973	{64, 635}
2974	{418, 410}
2975	{233, 801}
2976	{889, 932}
2977	{692, 180}
2978	{864, 95}
2979	{552, 123}
2980	{72, 167}
2981	{321, 685}
2982	{894, 287}
2983	{541, 422}
2984	{904, 604}
2985	{604, 437}
2986	{75, 181}
2987	{853, 367}
2988	{278, 79}
2989	{59, 941}
2990	{75, 358}
2991	{64, 895}
2992	{459, 940}
2993	{307, 535}
2994	{880, 540}
2995	{582, 775}
2996	{477, 143}
2997	{110, 591}
2998	{245, 237}
2999	{209, 549}
